,Country,2001,2002,2003,2004,2005,2006,2007,2008,2009,2010,2011,2012,2013,2014,2015,2016,2017,2018,2019,2020,2021,2022,2023,2024,2025,2026
5,Albania,955000.0,1303000.0,1350000.0,1694000.0,2097000.0,2616000.0,2979000.0,3716000.0,3404000.0,3443000.0,4120000.0,3959000.0,3928000.0,4146000.0,4504000.0,4852000.0,5186000.0,5415000.0,5922000.0,2907000.0,2968771.147871302,2825491.6302151373,2856698.70376211,2862893.5831722477,2820597.8676575087,2756954.1244508866
9,Argentina,955000.0,1303000.0,1350000.0,4436000.0,4481000.0,4533000.0,4928000.0,5425000.0,5793000.0,6083000.0,7676000.0,8295000.0,9844000.0,10022000.0,13159000.0,18645000.0,21583000.0,18411000.0,15352000.0,2907000.0,2962870.38692627,3079716.936315974,3119691.771776759,3209787.0510483864,3219366.5096505973,3368505.77378562
10,Armenia,110000.0,131000.0,169000.0,221000.0,269000.0,329000.0,468000.0,516000.0,526000.0,563000.0,715000.0,965000.0,1083000.0,1198000.0,1187000.0,1263000.0,1482000.0,1623000.0,1868000.0,346000.0,343358.4240258557,336218.9703654904,327471.61112563673,324167.1144105459,321303.7045000647,321564.3787030431
13,Australia,3443000.0,3461000.0,3388000.0,4369000.0,4756000.0,4941000.0,5462000.0,5808000.0,6276000.0,7103000.0,7788000.0,8212000.0,9052000.0,9480000.0,9810000.0,10390000.0,10932000.0,11403000.0,11624000.0,2832000.0,2440547.779961704,2280007.39250001,2192404.344434597,2040146.019553643,1971663.109325974,1922426.0335815975
14,Austria,8350000.0,8266000.0,8384000.0,8371000.0,8206000.0,10042000.0,9876000.0,9677000.0,10121000.0,9882000.0,9874000.0,10960000.0,10671000.0,10994000.0,10628000.0,11534000.0,11491000.0,11043000.0,11902000.0,3964000.0,3988252.8433986204,3987313.1131451973,4110232.8853177424,4078397.7362524373,4113938.911261967,4073608.954814969
15,Azerbaijan,1130000.0,1141000.0,1475000.0,1473000.0,1830000.0,1836000.0,1631000.0,2162000.0,2363000.0,3176000.0,3550000.0,3874000.0,4285000.0,4244000.0,4096000.0,4282000.0,4109000.0,4908000.0,5568000.0,1165000.0,482518.4271153045,373854.9758908499,306031.91128418077,242884.37447133553,248295.8662179265,269339.9863187965
17,Belgium,6570000.0,6773000.0,7268000.0,8783000.0,9327000.0,7852000.0,8371000.0,8887000.0,8775000.0,8801000.0,9727000.0,9576000.0,10803000.0,10991000.0,10835000.0,13372000.0,12142000.0,13098000.0,14191000.0,5850000.0,5868866.155672849,5677647.335431059,5707136.321816429,5483794.07835219,5452556.4571201,5478426.150068543
21,Bulgaria,2730000.0,3188000.0,3403000.0,3882000.0,4235000.0,4180000.0,4515000.0,5727000.0,4993000.0,3676000.0,3803000.0,3758000.0,3930000.0,4158000.0,4632000.0,5392000.0,6228000.0,6699000.0,7007000.0,3973000.0,5480094.700141713,5346731.68593884,5393096.368890715,5220838.101406249,5011580.7143797735,4634115.478796376
25,Belarus,4008000.0,6160000.0,6518000.0,6924000.0,6596000.0,6811000.0,7512000.0,6323000.0,6440000.0,7464000.0,7542000.0,8427000.0,8841000.0,7236000.0,6972000.0,8340000.0,9209000.0,9326000.0,9221000.0,2810000.0,3063319.350360683,3079933.3742859922,3262963.1499592285,3345406.8139825184,3014271.6870138985,2956543.8842788516
28,Bolivia,222000.0,217000.0,304000.0,346000.0,386000.0,472000.0,526000.0,589000.0,518000.0,604000.0,775000.0,788000.0,837000.0,932000.0,965000.0,940000.0,997000.0,1060000.0,1160000.0,432000.0,427977.8353711019,390077.20947560784,387670.99644152727,379068.8612082298,364209.1871510994,359525.7365475299
29,Brazil,2674000.0,2338000.0,3229000.0,2968000.0,3364000.0,3886000.0,4662000.0,5238000.0,4920000.0,6457000.0,7807000.0,8497000.0,8866000.0,9617000.0,9478000.0,8872000.0,10610000.0,10628000.0,1160000.0,432000.0,262615.7891292695,167174.221179076,136668.53504341215,123523.14023592889,101799.00253174109,105386.58670177228
36,Central Europe and the Baltics,102537633.3,93740821.34,88685258.06,91533983.55,97852373.4,102510242.5,110142989.4,117756000.0,102817000.0,103082009.0,102137000.0,104157000.0,108876000.0,93128000.0,104174000.0,109447000.0,119458000.0,128530000.0,136609000.0,432000.0,2359004.1958163786,2653054.2176960944,2066615.2873562803,1174370.2966315064,8615098.185794048,2062317.7921645844
39,Chile,1340000.0,1444000.0,1509000.0,1727000.0,2031000.0,2264000.0,2451000.0,2317000.0,2359000.0,2737000.0,3220000.0,3448000.0,3674000.0,3842000.0,4103000.0,4269000.0,4367000.0,4605000.0,4091000.0,432000.0,591242.4285803144,803003.9430868027,913449.1793101463,1029487.288327281,1119950.0659554694,1267554.6330547128
40,China,12133000.0,16602000.0,20222000.0,28853000.0,31026000.0,34524000.0,40954000.0,45844000.0,47656000.0,57386000.0,70250000.0,83182000.0,98185000.0,116593000.0,127860000.0,135130000.0,143035000.0,149720000.0,154632000.0,20334000.0,18668891.198451567,17286151.1004673,16209835.37050844,15218753.824943641,14255615.628907882,13763969.099551858
45,Colombia,1381000.0,1277000.0,1177000.0,1405000.0,1553000.0,34524000.0,2028000.0,2042000.0,2122000.0,2342000.0,2522000.0,3169000.0,3605000.0,3911000.0,3862000.0,3795000.0,4017000.0,4368000.0,4479000.0,1275000.0,1276750.8259085056,1277697.6062062953,1280621.9385582092,1282275.6055539888,1283321.861790901,1283159.8949438836
48,Costa Rica,361000.0,364000.0,373000.0,425000.0,487000.0,485000.0,577000.0,528000.0,579000.0,662000.0,717000.0,773000.0,790000.0,798000.0,919000.0,1036000.0,1150000.0,1079000.0,1153000.0,324000.0,523812.2415358328,620578.7767019046,728062.0267502882,762492.0822479543,778986.0108311122,1051379.1459018304
50,Cuba,121000.0,111000.0,113000.0,124000.0,162000.0,199000.0,194000.0,202000.0,206000.0,251000.0,253000.0,213000.0,286000.0,355000.0,580000.0,385000.0,459000.0,552000.0,650000.0,271000.0,269888.8273936521,269848.3084747078,270728.29250429355,269223.15210990416,268124.6379714843,265646.08843401534
53,Cyprus,684000.0,744000.0,737000.0,859000.0,914000.0,932000.0,1081000.0,1210000.0,1172000.0,1246000.0,1209000.0,1194000.0,1115000.0,1209000.0,1119000.0,1268000.0,1407000.0,1446000.0,1578000.0,271000.0,254184.67414771317,271489.9956694963,278997.57953517674,324008.99350862496,271489.99566949677,321483.7520731697
54,Czechia,684000.0,744000.0,7213000.0,6643000.0,6963000.0,6393000.0,9048000.0,9665000.0,8904000.0,8673000.0,5279000.0,5419000.0,5781000.0,5651000.0,5856000.0,6027000.0,6775000.0,7390000.0,7346000.0,2399000.0,2399056.308047558,2399314.4657778232,2399300.8548593414,2399267.228893287,2399279.05579006,2399260.526104812
55,Germany,81551000.0,80393000.0,85345000.0,84859000.0,86622000.0,81801000.0,82099000.0,86201000.0,85547000.0,85872000.0,84692000.0,82729000.0,87459000.0,83008000.0,83737000.0,90966000.0,92402000.0,108542000.0,99533000.0,2399000.0,2581685.474864427,3366922.4332047594,5280786.824742217,1816639.8097602983,4950353.600526974,4185570.9611794604
58,Denmark,4946000.0,4935000.0,5564000.0,4630000.0,5469000.0,6129000.0,6564000.0,6347000.0,7037000.0,7726000.0,7846000.0,7843000.0,6977000.0,8528000.0,8991000.0,9651000.0,8087000.0,7475000.0,9088000.0,4230000.0,4173955.192837829,4169593.2408399316,4169701.4191016383,4202929.793806274,4146082.733298475,4131238.872669616
59,Dominican Republic,331000.0,332000.0,321000.0,368000.0,419000.0,420000.0,443000.0,413000.0,415000.0,401000.0,408000.0,418000.0,392000.0,427000.0,478000.0,500000.0,522000.0,514000.0,532000.0,210000.0,199779.39207409916,205716.0731179443,214319.97348623973,192251.33201694043,222186.33898949507,268924.729884577
60,Algeria,1190000.0,1257000.0,1254000.0,1417000.0,1513000.0,1349000.0,1499000.0,1539000.0,1677000.0,1757000.0,1715000.0,1911000.0,2136000.0,2839000.0,3638000.0,4530000.0,5058000.0,5610000.0,5732000.0,1386000.0,1393860.4401880177,1392421.5189187657,1398868.8099570964,1405531.6262576564,1422707.1560321464,1437848.278729435
61,East Asia & Pacific (excluding high income),33607829.6,33183645.03,36835527.58,42046888.86,45651720.96,51794241.93,60451886.13,66226942.19,67897762.07,81845597.38,97463919.67,113847239.7,133004491.8,155347356.6,170248441.2,181136727.2,192151378.1,202247515.9,210530956.3,1386000.0,471675.4953018438,193883.52269812278,87911.36983900782,39830.65471539889,18068.856455497225,11335.395839539773
62,Early-demographic dividend,212440258.9,215405027.0,216755688.1,231847307.9,238161620.7,231161562.8,220452989.4,220696425.1,212055993.4,233443159.9,230622330.1,240569262.8,262592017.4,268751796.4,291665952.6,312536177.8,323293789.7,309760109.9,309162984.6,1386000.0,1402276.2381874467,1398736.1241865007,1411070.8460920677,1437005.5388162525,1443950.0899837282,1468725.181672239
63,East Asia & Pacific,142852067.0,146849553.8,144565260.1,168503338.3,178980034.5,191973606.5,209160640.0,214079069.4,212759734.0,236680060.3,254609640.2,275983951.2,296517180.4,321003450.4,345737393.8,366330196.1,384699656.3,402010474.2,415489956.3,1386000.0,1048498.4381124352,855832.8418257766,683984.188802677,560258.619732592,449337.40028170304,365542.7564808202
64,Europe & Central Asia (excluding high income),142852067.0,146849553.8,144565260.1,76738619.4,85797832.22,91548425.84,100443508.9,104726021.9,102230776.3,110297645.2,123276429.9,132546898.1,147039143.7,136995126.8,129803442.2,133101122.5,153450258.7,165722068.0,174307497.9,1386000.0,1354013.2156998827,1287834.4273509728,1246452.2049823343,1189534.110734712,1228056.098561095,1258250.7961753698
65,Europe & Central Asia,453096545.8,457281193.3,467949386.2,477522968.1,504648379.4,516208188.5,543821360.1,562146928.2,539873168.0,554242170.5,573579334.7,585069762.8,608350743.4,587759571.4,604738772.9,626599435.2,682564892.6,729507921.2,740715759.5,1386000.0,1941597.407905517,858295.1815291549,535294.19788805,211453.558194915,479927.1381667411,243655.04179820392
66,Ecuador,562000.0,627000.0,613000.0,603000.0,664000.0,733000.0,801000.0,815000.0,814000.0,899000.0,1022000.0,1022000.0,1138000.0,1096000.0,1221000.0,1366000.0,1347000.0,1402000.0,1515000.0,1386000.0,1384441.274727602,1382406.287902433,1382406.2879024278,1380702.4654153865,1381298.1895766081,1379587.9441536635
68,Euro area,223258385.5,227220660.5,237311634.4,232662990.3,241460247.1,240206221.4,251318903.5,261350173.5,260250412.0,261465779.2,263529591.1,259790000.0,262622000.0,265842000.0,271600000.0,285847000.0,311204000.0,338485601.6,337838000.0,1386000.0,1368913.779106667,1098001.216446685,1639457.2486527122,1209560.9946412577,859369.8920199275,471144.27178982424
71,Estonia,1658000.0,1849000.0,2075000.0,232662990.3,241460247.1,438000.0,677000.0,692000.0,752000.0,955000.0,1054000.0,1147000.0,1166000.0,1426000.0,1250000.0,1339000.0,1279000.0,2069000.0,1702000.0,558000.0,549939.1255790904,547494.2117209042,545406.9309124538,545002.3026614531,540069.0245546275,543292.3560594504
73,European Union,321405897.0,316687650.4,322010732.5,319207224.2,334631056.4,338891792.0,359820729.5,376994649.5,362275414.4,364844521.7,364843479.1,365610235.1,372957185.8,360809409.4,378470722.0,397789572.1,431349338.1,461906449.3,468662306.3,558000.0,1770605.2818727402,1770783.6388369764,1644476.963892018,815570.8729583696,2620410.1519446056,486199.53812634264
75,Finland,321405897.0,316687650.4,322010732.5,319207224.2,6668000.0,6428000.0,6413000.0,6566000.0,6693000.0,7485000.0,8238000.0,9978000.0,9526000.0,9783000.0,10022000.0,10278000.0,10480000.0,10480000.0,10440000.0,2690000.0,2687471.1034056186,2685622.087691091,2681929.5679736054,2682822.3932496873,2682309.6455486724,2681844.841680524
76,Fiji,85000.0,99000.0,104000.0,94000.0,109000.0,121000.0,120000.0,124000.0,125000.0,128000.0,132000.0,132000.0,9526000.0,9783000.0,10022000.0,156000.0,169000.0,174000.0,174000.0,2690000.0,3423723.0102818906,4325352.257234843,4325352.257234843,5.6671695633149624e+20,6.937388452415008e+20,8.33350906442957e+20
77,France,85000.0,99000.0,104000.0,94000.0,109000.0,27107000.0,33144000.0,30960000.0,30646000.0,29973000.0,31153000.0,29642000.0,30457000.0,31941000.0,30608000.0,29636000.0,44265000.0,48069000.0,49276000.0,21287000.0,21273794.18136264,21289533.95877671,21269269.805135764,21280322.42974945,21299722.542736605,21282338.321837366
81,United Kingdom,58281000.0,59377000.0,61424000.0,64194000.0,66494000.0,69536000.0,69450000.0,69011000.0,63513000.0,64647000.0,67493000.0,66858000.0,68959000.0,72204000.0,77619000.0,81757000.0,87242000.0,90571000.0,93086000.0,23827000.0,19971599.404661004,22437209.512410108,21871373.068297103,23778519.6734842,26924349.922910772,32734626.542938657
82,Georgia,306000.0,317000.0,61424000.0,466000.0,857000.0,1346000.0,1473000.0,1872000.0,1980000.0,2086000.0,2237000.0,2734000.0,3220000.0,3106000.0,3136000.0,3400000.0,3851000.0,3698000.0,3780000.0,23827000.0,23834692.268783573,23839660.21072587,23853927.756125446,23865569.389078822,23863004.17024416,23863688.21647484
92,Guatemala,580000.0,629000.0,658000.0,854000.0,982000.0,1055000.0,1168000.0,1277000.0,651000.0,694000.0,718000.0,721000.0,846000.0,992000.0,1130000.0,1195000.0,1328000.0,1538000.0,1703000.0,507799.9878,619450.7978958922,612624.8388297909,611792.8777537448,580729.7277169984,551365.3271086226,528449.0866293387
95,High income,639396289.9,638005764.7,627229194.3,655857600.3,683101339.8,780689372.2,806033509.5,816213734.5,783266709.2,811128570.1,819893615.5,838746662.1,857227623.5,850607288.0,889669300.9,928589865.8,982228992.4,1016965040.0,1037956546.0,507799.9878,519962.6717557013,499222.09593916376,458037.12359614274,421747.5586454641,434314.79695723107,366398.93850590254
96,"Hong Kong SAR, China",61096000.0,64540000.0,60936000.0,68903000.0,72300000.0,75812000.0,80682000.0,81911000.0,81958000.0,84442000.0,84816000.0,85276000.0,84414000.0,84519000.0,89082000.0,91758000.0,91304000.0,92214000.0,94715000.0,8261000.0,7979267.31311174,7939160.793212285,7890347.997949864,7982285.243922979,7970979.036177018,7507127.839148364
101,Hungary,11167000.0,12966000.0,14283000.0,17558000.0,17759000.0,16597000.0,17056000.0,17162000.0,16640000.0,16082000.0,16634000.0,16143000.0,16038000.0,16340000.0,17276000.0,18895000.0,20297000.0,22805000.0,24860000.0,12727000.0,12543723.097589057,12638553.452673808,12554325.681213971,12536055.921296477,12588355.613855448,12745818.274381844
102,IBRD only,320107966.7,316976995.4,319711392.9,343892395.1,363007459.7,373979327.9,384376425.2,399957489.9,375531747.2,400055012.1,429376700.0,463213880.3,509920169.7,505478327.8,534814850.5,561469376.8,600371930.0,606878384.5,624278730.5,12727000.0,12688147.135027163,5225904.524531241,2018505.3327810941,605091.8750922036,675261.2794863373,332821.66233054694
103,IDA & IBRD total,410559346.0,406836756.1,411858892.5,443665411.8,469153653.7,483202009.3,498467960.6,517364292.9,488378973.4,519544732.2,560021930.8,604687544.2,667710870.0,662446774.0,700888228.5,732541192.5,783131240.4,799318916.1,819595044.7,12727000.0,12098574.48864341,4902647.457700984,1946122.759696046,589846.1918419276,648824.6830427066,328974.86251044914
106,Indonesia,2505000.0,3231000.0,3478000.0,3941000.0,4106000.0,4967000.0,5158000.0,5486000.0,5053000.0,6235000.0,6750000.0,7454000.0,8025000.0,8074000.0,8176000.0,8340000.0,8856000.0,9468000.0,11689000.0,2918000.0,2756253.567040648,2660485.634991558,2545437.5668960675,2463081.6495173695,2456409.7000295436,2442707.084765317
109,India,4564000.0,4940000.0,5351000.0,6213000.0,7185000.0,8340000.0,9783000.0,10868000.0,11067000.0,12988000.0,13994000.0,14920000.0,16626000.0,18330000.0,20376000.0,21872000.0,23943000.0,26296000.0,26915000.0,2918000.0,2220352.0176959983,1980362.3983693784,1795058.3626984667,1520498.6922011697,1309225.3839719119,1113143.0201657256
111,Ireland,4216000.0,4634000.0,4929000.0,5409000.0,6113000.0,6848000.0,7713000.0,7877000.0,7047000.0,6917000.0,6514000.0,6600000.0,6579000.0,6676000.0,7094000.0,7646000.0,8171000.0,8643000.0,9350000.0,2326000.0,2294589.465693688,2280225.0667603053,2283355.925720898,2282594.799414787,2286092.4740971765,2300662.7645337684
114,Iceland,4216000.0,4634000.0,4929000.0,5409000.0,364000.0,440000.0,460000.0,414000.0,259000.0,299000.0,341000.0,358000.0,365000.0,400000.0,450000.0,536000.0,619000.0,668000.0,611000.0,130000.0,131056.07491598064,130628.49479520111,130470.58519780119,130407.7855479302,130111.23754396065,129730.77872208405
115,Israel,3561000.0,3273000.0,3299000.0,3614000.0,3687000.0,3713000.0,4147000.0,4207000.0,4007000.0,4269000.0,4387000.0,4349000.0,4757000.0,5181000.0,5891000.0,6781000.0,7597000.0,8473000.0,9179000.0,130000.0,127173.81668327085,122069.50663329486,123675.46671237904,108087.35305122694,95074.84193945867,78391.53784760521
116,Italy,43611000.0,44660000.0,46357000.0,40400000.0,43407000.0,46369000.0,49166000.0,54421000.0,54839000.0,55304000.0,52617000.0,53338000.0,52633000.0,55169000.0,57418000.0,57480000.0,60042000.0,61194601.56,62207000.0,21448000.0,20677350.260191515,23156452.536511377,22450917.767907813,23140451.533405356,20792564.826572392,18986980.377890628
118,Jordan,1755000.0,1276000.0,1229000.0,1420000.0,1523000.0,2139000.0,2094000.0,1972000.0,2054000.0,2708000.0,1931000.0,1567000.0,1498000.0,1230000.0,57418000.0,1511000.0,1592000.0,1501000.0,1537000.0,406000.0,202640.93567265302,425126.8700079232,671855.294877004,741526.1662775347,1142075.7634125175,251.49061504656396
119,Japan,16216000.0,16523000.0,13296000.0,16831000.0,17404000.0,17535000.0,17295000.0,15987000.0,15446000.0,16637000.0,16994000.0,18491000.0,17473000.0,16903000.0,16214000.0,17116000.0,17889000.0,18954000.0,20081000.0,3174000.0,3371136.8691534624,3481110.1901629996,3955071.116061422,3630531.5952539495,3452964.3534128075,3242388.772397148
120,Kazakhstan,16216000.0,16523000.0,13296000.0,16831000.0,17404000.0,3688000.0,4544000.0,4330000.0,5423000.0,6019000.0,8020000.0,9066000.0,10144000.0,10450000.0,11303000.0,9756000.0,10261000.0,10646000.0,10707000.0,2865000.0,2849595.8069281797,2836239.278177862,2830553.446677543,2825352.6240729466,2823978.481536033,2820353.655231626
123,Cambodia,37000.0,45000.0,60000.0,239000.0,568000.0,787000.0,996000.0,786000.0,340000.0,505000.0,710000.0,792000.0,872000.0,956000.0,1194000.0,1434000.0,1752000.0,1995000.0,2038000.0,326000.0,281704.0923715124,315237.9911801705,326819.40388101543,337367.7509136719,347767.20816119196,374248.0830459739
126,"Korea, Rep.",6084000.0,7123000.0,7086000.0,8826000.0,10080000.0,11610000.0,13325000.0,11996000.0,9494000.0,12488000.0,12694000.0,13737000.0,14846000.0,16081000.0,19310000.0,22383000.0,26496000.0,28696000.0,28714000.0,4276000.0,4629242.640593287,4781253.827756836,5588085.073616317,6513989.596618155,7627431.199622337,10947396.82370234
128,Latin America & Caribbean (excluding high income),143515183.6,144402340.5,143844760.8,151105183.5,152058277.4,146278940.6,134739323.4,133965255.3,123534765.6,119555534.8,119714980.5,121265205.0,127945469.0,130017235.5,138914310.3,147427686.5,149322519.6,138523410.9,132353711.0,4276000.0,3141208.863747523,3152575.281131793,3264440.9773580767,3775061.3080728985,3943027.926142148,4717752.205656441
134,Latin America & Caribbean,147966602.3,148796394.3,148266969.7,155920936.3,157601258.8,152165563.9,141098688.9,140636724.3,129886598.0,126208450.3,127572515.4,129608833.0,137178744.1,139146199.5,148044581.0,156262752.7,157876705.2,147336636.6,140808231.3,4276000.0,3415844.2605722635,3492890.0211336603,3609563.5908090416,4060733.762660516,4182505.495012229,4756571.967474775
138,Sri Lanka,505000.0,533000.0,561000.0,680000.0,727000.0,757000.0,862000.0,966000.0,963000.0,1122000.0,1239000.0,1269000.0,1262000.0,1311000.0,1356000.0,1448000.0,1439000.0,1476000.0,1441000.0,305000.0,223514.06278921984,181911.09836477137,173095.32242759666,175094.80616539705,161779.54689471374,150831.0148533618
140,Low & middle income,333619759.7,340879864.2,354603785.0,388092539.3,407499032.4,415532558.1,425958912.2,440703404.6,426014867.5,451766534.8,489755957.1,527665336.7,583907367.5,603896267.7,629577760.3,664533519.8,713073639.6,725777306.2,743168143.2,305000.0,198800.40617608442,49326.08164612387,13618.17469124739,2370.2635328759548,1325.679478284705,645.9532155841154
142,Late-demographic dividend,141458819.9,134483833.4,136994938.5,148763315.0,165706335.4,181187456.5,206388068.2,223951463.1,207135764.3,229873413.1,258667721.0,287320326.0,319353415.5,315858060.9,329660116.7,340219982.9,371666562.7,393163875.6,409178637.3,305000.0,230900.19650346148,65592.3861656988,21395.116308044922,6930.717421000873,7793.780850224348,4939.341037647098
143,Lithuania,141458819.9,134483833.4,136994938.5,148763315.0,165706335.4,4362000.0,3627000.0,3847000.0,3639000.0,4311000.0,4020000.0,4108000.0,4228000.0,4292000.0,3981000.0,4143000.0,4294000.0,4702000.0,4881000.0,1643000.0,1637431.5750226653,1640846.7802327352,1639787.8377867104,1638380.8725171417,1637647.2127255653,1641323.7418979644
144,Luxembourg,923000.0,1049000.0,1021000.0,1100000.0,1185000.0,1084000.0,1132000.0,1190000.0,1362000.0,1237000.0,1643000.0,1580000.0,1624000.0,1815000.0,1702000.0,1588000.0,2346000.0,2510000.0,2548000.0,1460000.0,1469317.624118706,1539430.9607753144,1529577.4735011216,1536493.0227248326,1564809.432826161,1548376.5250109388
145,Latvia,2697000.0,2306000.0,2286000.0,2457000.0,2959000.0,3151000.0,3398000.0,3782000.0,3268000.0,3332000.0,3257000.0,1830000.0,1776000.0,1846000.0,1720000.0,1939000.0,2055000.0,2175000.0,2384000.0,690000.0,810052.5549935896,833744.1555327859,1730043.276343088,1796918.4702974122,1711078.0223944965,1871317.5070132904
146,"Macao SAR, China",2697000.0,2306000.0,2286000.0,2457000.0,629000.0,645000.0,599000.0,606000.0,671000.0,753000.0,908000.0,1291000.0,1446000.0,1537000.0,1466000.0,1251000.0,1391000.0,1780000.0,1765000.0,125000.0,122317.18821746597,120051.27352553672,115904.01176259681,114598.60557340954,113902.04060632933,114441.45735362705
148,Morocco,1701000.0,1533000.0,1612000.0,1603000.0,2247000.0,2135000.0,2669000.0,3421000.0,2293000.0,2175000.0,2378000.0,2323000.0,2195000.0,1850000.0,1910000.0,1864000.0,1849000.0,1923000.0,2009000.0,646000.0,1046230.8872740712,951420.6173412856,975419.5056803373,1036085.4560848183,1242950.3516267096,1201426.0609509351
154,Mexico,123732000.0,124633000.0,123015000.0,128903000.0,128392000.0,122022000.0,109540000.0,107519000.0,98228000.0,91658000.0,88113000.0,87332000.0,90787000.0,90982000.0,94988000.0,97372000.0,94274000.0,86280000.0,82752000.0,36056000.0,28455384.836226784,26838321.946990807,26486230.10128221,28055224.192687936,28144651.901761733,30002181.1597876
156,Middle income,311083867.1,318157017.9,330252807.4,361477105.7,379523713.2,387914023.1,397553172.7,410031277.0,396188851.6,419234983.0,454402867.6,489487269.6,541727738.5,560270007.0,584542020.2,619488840.6,664720016.7,676540976.2,692705030.1,36056000.0,31922758.00822573,20522008.728463452,13647604.08434605,7825356.476952938,6506321.036922834,5156001.036491103
167,Mauritius,161000.0,162000.0,161000.0,180000.0,183000.0,186000.0,213000.0,226000.0,196000.0,212000.0,219000.0,237000.0,228000.0,223000.0,242000.0,260000.0,283000.0,296000.0,320000.0,65000.0,74477.85184170144,69502.0794160875,58746.42252183154,63792.38918252303,66875.37611164719,56193.01321320846
170,North America,111587576.6,106504719.5,99923424.98,104905071.9,104333299.8,195429088.7,190429282.1,187919387.2,177467474.7,175226064.5,176030211.6,181537219.4,184781813.1,185469939.0,186369103.6,194540598.9,203037153.6,196550372.9,208814203.0,65000.0,64031.793753033155,64094.73840326259,64519.83566083361,64765.57167021636,64817.25212423184,64884.55578256984
172,New Caledonia,68000.0,72000.0,78000.0,89000.0,96000.0,100000.0,106000.0,112000.0,119000.0,132000.0,124000.0,121000.0,121000.0,124000.0,127000.0,134000.0,135000.0,139000.0,144000.0,48000.0,39856.699485841615,42778.38284691399,43980.42853378756,43980.42853378756,42778.38284691399,41636.76586288145
175,Nicaragua,499000.0,532000.0,562000.0,701000.0,740000.0,773000.0,949000.0,942000.0,858000.0,908000.0,912000.0,979000.0,994000.0,959000.0,925000.0,981000.0,982000.0,974000.0,949000.0,325000.0,323724.1537561877,323876.4465227218,326342.51647530956,326873.9051310064,325622.5727603102,324367.31195106386
176,Netherlands,14214000.0,16719000.0,16425000.0,17130000.0,17039000.0,16695000.0,17523000.0,18399000.0,18340000.0,18368000.0,18560000.0,18628000.0,18094000.0,17928000.0,17535000.0,18152000.0,20763000.0,20981000.0,22045000.0,325000.0,328343.3030056465,308261.1895445184,301494.45624808647,359702.8145875172,380397.3215739556,435171.4776600628
177,Norway,2348000.0,2629000.0,2588000.0,2960000.0,3166000.0,3236000.0,3395000.0,18399000.0,6640000.0,7590000.0,8130000.0,9250000.0,9280000.0,9190000.0,8750000.0,8030000.0,8170000.0,8110000.0,8890000.0,1690000.0,3994935.5565288696,3736881.6236967,3296485.61515147,3286131.2690493143,3317394.2092773933,3479356.7493082797
180,New Zealand,1287000.0,1293000.0,1374000.0,1733000.0,1872000.0,1861000.0,1978000.0,1967000.0,1918000.0,2026000.0,2096000.0,2172000.0,2197000.0,2276000.0,2412000.0,2611000.0,2853000.0,3038000.0,3225000.0,511000.0,520616.62996402895,531893.1255674047,543979.9072380655,547921.5485321494,560269.728337107,581163.0675408348
181,OECD members,667042369.0,662519504.1,657584572.5,680025751.0,700513025.6,783842500.7,782447672.3,788079466.3,746445148.5,750725208.9,756246597.7,767313596.5,786624578.6,780358507.9,813932356.3,849355803.6,897596488.5,922286548.2,936358201.3,511000.0,598287.0319978435,584217.1662679572,557293.153766262,514075.7278928945,527602.8442207837,460145.3697226765
182,Oman,667042369.0,662519504.1,657584572.5,680025751.0,2496000.0,2664000.0,2945000.0,3100000.0,2470000.0,2829000.0,3341000.0,3972000.0,4301000.0,4727000.0,5424000.0,5902000.0,6368000.0,5975000.0,6633000.0,1657000.0,1659361.462032243,1655069.8342739532,1650618.3452272746,1648574.7340088945,1646152.6526722885,1642631.6066011817
185,Panama,200000.0,200000.0,227000.0,256000.0,285000.0,284000.0,314000.0,369000.0,336000.0,392000.0,414000.0,447000.0,619000.0,853000.0,965000.0,1051000.0,869000.0,1020000.0,1226000.0,401000.0,355137.5618088837,318245.1795560163,272808.4518029894,141860.68723733042,74496.22445363538,58144.91845341116
186,Peru,1060000.0,1232000.0,1433000.0,1635000.0,1841000.0,1857000.0,1915000.0,1913000.0,1891000.0,2058000.0,2132000.0,2296000.0,2364000.0,2442000.0,2595000.0,2751000.0,2875000.0,3078000.0,3275000.0,791000.0,814305.5627568024,825818.9655745253,850503.9221129147,860427.1420878045,871600.1169955606,892907.3295880763
190,Poland,53122000.0,45043000.0,38730000.0,37226000.0,40841000.0,44696000.0,47561000.0,50243000.0,39270000.0,42760000.0,43270000.0,48290000.0,52580000.0,35400000.0,44300000.0,44500000.0,46700000.0,48600000.0,50600000.0,791000.0,1179651.5467388628,1145492.6450243865,872668.5660667473,706710.792250293,1883920.218416844,1080616.4655243228
192,Puerto Rico,1331000.0,1227000.0,1272000.0,1361000.0,1410000.0,1468000.0,1441000.0,1438000.0,1116000.0,980000.0,924000.0,876000.0,839000.0,793000.0,746000.0,789000.0,792000.0,48600000.0,50600000.0,791000.0,9745.22909732554,4963.649259420725,2692.5859932162007,1641.6525072516802,860.0126413361211,426.8494586330441
195,Paraguay,157000.0,141000.0,153000.0,170000.0,188000.0,210000.0,242000.0,278000.0,288000.0,302000.0,347000.0,400000.0,440000.0,426000.0,1008000.0,1503000.0,1548000.0,1266000.0,1192000.0,214000.0,186694.94674971263,148489.20301444913,117472.50239236269,100392.92969739898,105889.33196379832,25600.832696136098
198,Post-demographic dividend,555272074.8,567795804.7,567029753.8,594526471.9,613392162.7,709156453.3,726390766.0,731319795.2,711235050.2,719820891.3,734161121.6,745568404.8,758156232.3,763952881.9,788114608.2,825414522.1,874808571.4,905881478.5,928930206.2,214000.0,220350.76184601293,212474.21758234108,206514.2832895231,200231.65351210893,197437.12923239265,186412.7394264631
201,Romania,6408000.0,5757000.0,6497000.0,6972000.0,7140000.0,8906000.0,10980000.0,13072000.0,11723000.0,10905000.0,10936000.0,11149000.0,11364000.0,12299000.0,13118000.0,16128000.0,19953000.0,21039000.0,23066000.0,9510000.0,10749362.921117311,10728758.9826229,10589791.943537865,10453960.58172975,9909970.635953827,9487448.1390516
202,Russian Federation,18030000.0,20428000.0,20572000.0,24507000.0,28416000.0,29107000.0,34285000.0,36538000.0,34276000.0,39323000.0,43726000.0,47813000.0,54069000.0,45889000.0,34550000.0,31659000.0,39629000.0,41964000.0,45330000.0,12361000.0,11711158.659399157,10832107.356440272,10143392.504250934,9266648.492722265,10454349.144458545,12880008.895668497
204,South Asia,7315303.878,7919088.552,8739410.803,10087901.43,11604810.18,13066725.25,15516234.99,15344379.77,17197962.35,19412317.08,20968725.15,22344747.15,23509162.41,25813028.78,28561108.98,30648125.41,33358092.59,36499131.17,37266648.54,12361000.0,14434912.8946156,15188197.11576041,15838447.272586219,16378112.12841786,17419816.026038993,18621835.4880378
205,Saudi Arabia,7315303.878,7919088.552,8739410.803,4234000.0,5009000.0,2336000.0,4817000.0,4705000.0,6467000.0,18625000.0,15865399.41,20084259.77,22535457.03,22322601.56,25054000.0,27618000.0,28748000.0,27425000.0,27196000.0,12361000.0,12312127.734283125,12317814.02810469,12309453.939093592,12305373.258361245,12305709.51193788,12301620.14483867
208,Singapore,4363000.0,4399000.0,4221000.0,5165000.0,5159000.0,5533000.0,6024000.0,6828000.0,6961000.0,7342000.0,7753000.0,8048000.0,8647000.0,8903000.0,9125000.0,9474000.0,9889000.0,10378000.0,10711000.0,1543000.0,1217088.940801066,1018571.1716760225,901515.4282734192,712938.5063287243,648082.197349788,597946.862577654
210,Sierra Leone,20000.0,27000.0,13000.0,28000.0,63000.0,67000.0,71000.0,73000.0,72000.0,76000.0,99000.0,104000.0,111000.0,93000.0,61000.0,92000.0,110000.0,112000.0,122000.0,1543000.0,1569420.1207801423,1754457.0268484717,1791278.903777447,1841148.528274709,1708821.0851182987,1430499.2859006259
211,El Salvador,933000.0,1001000.0,940000.0,1079000.0,1239000.0,1242000.0,1012000.0,73000.0,1345000.0,1421000.0,1469000.0,1462000.0,1515000.0,1515000.0,1618000.0,1804000.0,1871000.0,1788000.0,1899000.0,515000.0,2208993.9809029745,2245284.2273962884,2240029.930970501,2279499.644273235,2279499.644178362,2354241.9279644336
221,Slovak Republic,933000.0,1001000.0,940000.0,1079000.0,2987000.0,3149000.0,3603000.0,3683000.0,3230000.0,2692000.0,3285000.0,2689000.0,2129000.0,2406000.0,2777000.0,3095000.0,3870000.0,4662000.0,5214000.0,515000.0,483857.04217991,503411.6679638741,483749.6863581027,461783.4569992822,473161.7357993688,486859.69779494184
222,Slovenia,933000.0,1001000.0,940000.0,1079000.0,6736000.0,6814000.0,5569000.0,5490000.0,5575000.0,5340000.0,5073000.0,4465000.0,4440000.0,4672000.0,4909000.0,5408000.0,5410000.0,5409000.0,6049000.0,1892000.0,1891869.237938227,1891627.1467484874,1891024.743954158,1890998.2536798338,1891238.5637261206,1891472.0623327012
224,Eswatini,933000.0,1001000.0,940000.0,1079000.0,1082000.0,1072000.0,1130000.0,1177000.0,1245000.0,1141000.0,1264000.0,1403000.0,1573000.0,1657000.0,1713000.0,1789000.0,1751000.0,1717000.0,1721000.0,488000.0,508777.1448131367,443455.6187667741,385507.6073879715,330645.8023841998,308345.0444614146,294891.3875181735
226,Seychelles,41000.0,53000.0,50000.0,48000.0,52000.0,55000.0,58000.0,54000.0,49000.0,59000.0,48000.0,45000.0,47000.0,50000.0,56000.0,68000.0,74000.0,72000.0,76000.0,19000.0,21180.71833242197,16443.378019643573,15191.500261481573,16024.05392003349,17287.957602675408,19867.017661291145
230,East Asia & Pacific (IDA & IBRD countries),33192114.13,32773176.55,36379886.77,41526785.58,45087027.35,51153567.78,59704120.37,65407741.29,67057893.79,80833199.94,96258329.79,112438994.7,131359279.2,153425771.7,168142535.8,178896138.0,189774542.0,199745794.7,207926772.2,19000.0,2403.1314771862308,436.64895053277536,95.76742187767123,20.973301250211623,4.604189971947304,1.8824219657350505
231,Europe & Central Asia (IDA & IBRD countries),120107914.5,116180036.0,111527590.9,118880525.4,131897897.9,142195981.6,154147831.7,161440288.6,147862320.9,159956286.4,173796366.8,187912955.0,207108018.7,178269883.0,180141229.3,181773707.0,204344687.1,218948144.6,230131574.3,19000.0,21378.51514373642,7407.62554254957,2732.1224555365143,788.8678707501269,5354.386472350503,4685.828898014208
233,Thailand,2011000.0,2250000.0,2152000.0,2709000.0,3047000.0,3382000.0,4018000.0,3908000.0,4653000.0,5451000.0,5397000.0,5721000.0,5970000.0,6444000.0,6794000.0,8204000.0,8963000.0,9966000.0,10446000.0,19000.0,37863.8868156497,37090.75492038665,41853.49496200326,45716.353723993925,53558.48237845247,59762.08564772196
236,Latin America & the Caribbean (IDA & IBRD countries),146275813.7,147227984.0,146648261.2,154187895.5,155775205.4,150244605.8,139215149.1,138747910.1,128358406.5,124763533.8,126189114.5,128321824.5,135844979.6,137786239.7,146490002.1,154854095.3,156386723.3,145817951.5,139218767.5,19000.0,12491.704736371323,13064.700665402408,13958.273925909536,17478.51218883121,18485.441870910632,23541.88435199135
240,South Asia (IDA & IBRD),7207075.355,7801927.15,8610112.89,9938652.858,11433119.23,12873405.55,15286675.26,15117362.6,16943521.78,19125115.55,20658496.87,22014160.89,23161348.84,25431129.95,28138552.83,30194692.25,32864565.98,35959133.49,36715295.6,19000.0,26282.743128767306,29233.908267303384,31913.489805157154,34230.65623566886,38943.764376784326,44777.65180023364
243,Tunisia,1669000.0,1939000.0,2274000.0,2312000.0,2241000.0,2302000.0,2743000.0,3118000.0,2623000.0,2250000.0,2303000.0,2897000.0,2873000.0,2637000.0,28138552.83,1830000.0,32864565.98,2515000.0,2781000.0,739000.0,719720.9671253819,721079.9189985364,734611.2965155981,734116.3234348546,729035.7082806944,883191.4086353305
244,Turkiye,4856000.0,5131000.0,5928000.0,7299000.0,8246000.0,8275000.0,4956000.0,4893000.0,5561000.0,6557000.0,6282000.0,5803000.0,7526000.0,7982000.0,8751000.0,7892000.0,8887000.0,8383000.0,9651000.0,2243000.0,2160382.060094988,2172281.5167352213,2194482.7848030627,2122542.1763730324,2106594.798453938,2081899.358198301
247,Uganda,152000.0,184000.0,189000.0,231000.0,189000.0,254000.0,272000.0,337000.0,311000.0,324000.0,367000.0,469000.0,471000.0,511000.0,523000.0,568000.0,8887000.0,8383000.0,9651000.0,2243000.0,2552168.7784373006,1695353.6766413434,757980.9112926248,747467.1472344726,571997.0357799311,530034.5750357843
249,Upper middle income,217718328.5,221251780.1,228983477.6,250002201.9,260450506.0,263308137.5,265937982.2,276363701.2,266022166.8,280739180.6,301908358.9,324451951.4,359284803.4,373138094.9,385909895.0,404756512.8,433512501.2,435778612.8,444865191.8,2243000.0,1757678.4888718247,568702.2120465321,185967.96071641636,38194.74162290146,21230.960690791508,12592.114139355299
250,Uruguay,531000.0,530000.0,495000.0,569000.0,658000.0,666000.0,635000.0,734000.0,826000.0,1027000.0,1534000.0,1816000.0,2281000.0,2396000.0,2217000.0,1715000.0,1789000.0,1947000.0,2199000.0,2243000.0,1971761.3516775726,1690399.077775182,1584405.0563657312,1451691.4313199935,1424549.2451228674,1467631.202720443
251,United States,84755000.0,80883000.0,75880000.0,79655000.0,79215000.0,148511000.0,140364000.0,136148000.0,129954000.0,121574000.0,114089000.0,116329000.0,118968000.0,121699000.0,130364000.0,141526000.0,148045000.0,158445406.3,170930093.8,60549898.44,59412012.39319135,58782769.55656693,58974596.92696427,59196687.55466395,59422243.80033416,60111042.39898351
252,Uzbekistan,183000.0,264000.0,400000.0,455000.0,572000.0,893000.0,1248000.0,1150000.0,1317000.0,1610000.0,114089000.0,116329000.0,3117000.0,2786000.0,3491000.0,3848000.0,5182000.0,8594000.0,8437000.0,60549898.44,66440910.36162252,215295343.58756334,216453549.24244016,79726915.27817938,77295009.39821494,82259235.59790508
254,"Venezuela, RB",933000.0,881000.0,832000.0,816000.0,1067000.0,1095000.0,1410000.0,1745000.0,1651000.0,1477000.0,1719000.0,1734000.0,1931000.0,1589000.0,1539000.0,1530000.0,1079000.0,8594000.0,8437000.0,60549898.44,42965673.169519685,58708314.137730256,59767198.79943376,74578762.66759507,49938192.93589022,46758894.547732495
258,Vanuatu,11000.0,11000.0,12000.0,13000.0,14000.0,15000.0,16000.0,19000.0,20000.0,21000.0,22000.0,23000.0,26000.0,26000.0,27000.0,20299.99924,26299.99924,28399.99962,36400.00153,9399.999619,6520.488363785508,5501.052186432397,4676.210349179306,2987.4830940391817,2987.4830940391607,2602.590260920283
259,World,1121398704.0,1127808612.0,1130457014.0,1201164309.0,1254803572.0,1383150802.0,1425571396.0,1453143997.0,1397423334.0,1457015080.0,1504559276.0,1564352745.0,1641229336.0,1651310269.0,1744980358.0,1820356515.0,1934268135.0,1991161437.0,2034431899.0,9399.999619,9060.718468248415,5813.899705363682,3393.072124490174,1748.6443702572967,1606.7704795699321,749.6345783613102
260,Samoa,56000.0,53000.0,51000.0,54000.0,52000.0,51000.0,52000.0,53000.0,43000.0,56000.0,57000.0,56000.0,51000.0,57000.0,54000.0,1820356515.0,55000.0,64000.0,69000.0,18500.0,3070388.321554977,15879758.121593695,3070388.3215549714,520.239675418436,15879758.12159392,104916.17196703088
265,Zimbabwe,56000.0,53000.0,386000.0,498000.0,474000.0,541000.0,547000.0,593000.0,631000.0,650000.0,693000.0,720000.0,2946000.0,3182000.0,3393000.0,3192000.0,2768000.0,2288000.0,3275000.0,18500.0,18364.032996302067,18269.725620298395,18213.68617867801,16263.574373307376,16163.151179795674,16079.95641337238
