Country,2001,2002,2003,2004,2005,2006,2007,2008,2009,2010,2011,2012,2013,2014,2015,2016,2017,2018,2019,2020
Aruba,21000000,13000000,25000000,30000000,24000000,23000000,19000000,22000000,21000000,18000000,18000000,19000000,22000000,21000000,15000000,,,13000000,10000000,4000000
Africa Eastern and Southern,913301649.7,831099526.8,1260142377,1645527535,2235788596,2974579305,3474462995,3961442570,3633292142,4118249151,4954889205,5009306185,5022086306,5564364374,5440605648,4633904217,4990128661,5339286589,5184273731,
Afghanistan,,,,,,,,2000000,2000000,3000000,9000000,5000000,6000000,3000000,4000000,10000000,12000000,23000000,39000000,19000000
Africa Western and Central,,,,,1242361274,1372573376,2473678801,2890901916,2786596137,4387356494,4831246421,5200932525,5403821021,5524191124,5822682425,5798482502,5007105574,6881574375,6147108185,
Angola,14000000,33000000,37000000,47000000,61000000,245000000,261000000,193000000,137000000,127000000,143000000,129000000,150000000,392000000,243000000,229000000,239000000,207000000,248000000,76000000
Albania,12000000,21000000,18000000,27000000,22000000,24000000,63000000,89000000,107000000,92000000,112000000,90000000,88000000,99000000,73000000,76000000,40000000,71000000,82000000,42000000
Andorra,,,,,,,,,,,,,,,,,,,7000000,
Arab World,,,,,,,,,,,,,,,,,,,,
United Arab Emirates,,,,,,,,,,,,,,,,,,,,
Argentina,995000000,416000000,486000000,604000000,764000000,939000000,1142000000,1401000000,1272000000,1497000000,1935000000,2349000000,2489000000,1854000000,2366000000,2594000000,2802000000,2414000000,1995000000,400000000
Armenia,19000000,31000000,30000000,37000000,48000000,35000000,51000000,59000000,53000000,62000000,69000000,71000000,77000000,77000000,61000000,52000000,55000000,53000000,54000000,23000000
American Samoa,,,,,,,,,,,,,,,,,,,,
Antigua and Barbuda,,,,,,,,,,,,,,23000000,25000000,24000000,24000000,25000000,27000000,8000000
Australia,2449000000,2677000000,3097000000,4035000000,4404000000,4756000000,5598000000,5940000000,3942000000,5293000000,6596000000,7148000000,6622000000,5543000000,4881000000,4879000000,5240000000,5486000000,5377000000,1166000000
Austria,829000000,842000000,1138000000,1575000000,1761000000,,,,,,,,,,2008000000,1862000000,2110000000,2316000000,2333000000,648000000
Azerbaijan,10000000,5000000,9000000,14000000,24000000,55000000,117000000,113000000,82000000,74000000,89000000,140000000,155000000,155000000,140000000,99000000,145000000,169000000,137000000,27000000
Burundi,,,,6000000,2000000,1000000,2000000,7000000,9000000,15000000,18000000,,,,,,,,,
Belgium,1102000000,1085000000,1192000000,1500000000,1823000000,2317000000,1709000000,,1812000000,2022000000,2164000000,2191000000,2350000000,2624000000,2202000000,2083000000,2235000000,2347000000,2259000000,893000000
Benin,31000000,29000000,32000000,30000000,31000000,37000000,35000000,38000000,35000000,34000000,28000000,53000000,500000,200000.003,79000000,23000000,98000000,45000000,36000000,
Burkina Faso,13000000,14000000,19000000,28000000,28000000,29000000,35000000,47000000,47000000,41000000,57000000,69000000,71000000,44000000,57000000,61000000,66000000,72000000,70599998.47,
Bangladesh,176000000,196000000,224000000,281000000,230000000,339000000,374000000,551000000,402000000,574000000,487000000,585000000,958000000,382000000,400000000,359000000,524000000,452000000,469000000,265000000
Bulgaria,247000000,301000000,434000000,572000000,549000000,621000000,262000000,291000000,200000000,149000000,159000000,173000000,229000000,257000000,230000000,275000000,352000000,379000000,371000000,215000000
Bahrain,173000000,170000000,120000000,141000000,160000000,184000000,192000000,201000000,189000000,178000000,181000000,161000000,162000000,147000000,597000000,884000000,878000000,863000000,917000000,
"Bahamas, The",86000000,94000000,99000000,153000000,184000000,156000000,161000000,155000000,146000000,141000000,101000000,98000000,100000000,116000000,109000000,111000000,183000000,187000000,179000000,56000000
Bosnia and Herzegovina,22000000,27000000,39000000,45000000,36000000,40000000,61000000,64000000,54000000,53000000,54000000,57000000,65000000,78000000,72000000,65000000,97000000,105000000,108000000,51000000
Belarus,32000000,34000000,37000000,50000000,68000000,89000000,118000000,144000000,113000000,126000000,141000000,159000000,180000000,149000000,96000000,91000000,99000000,101000000,102000000,32000000
Belize,3000000,4000000,4000000,4000000,3000000,2000000,3000000,3000000,2000000,3000000,3000000,2000000,2000000,2000000,3000000,2000000,2000000,2000000,2000000,1490000.01
Bermuda,,,,,,126000000,165000000,152000000,112000000,116000000,110000000,106000000,100000000,114000000,119000000,124000000,114000000,80000000,78000000,21000000
Bolivia,31000000,34000000,59000000,68000000,71000000,87000000,81000000,100000000,98000000,108000000,112000000,141000000,139000000,145000000,138000000,142000000,168000000,143000000,174000000,51000000
Brazil,566000000,533000000,613000000,881000000,1185000000,1737000000,2223000000,2307000000,1999000000,2918000000,3806000000,3969000000,4258000000,4431000000,2999000000,2571000000,3989000000,3963000000,3585000000,1096000000
Barbados,48000000,47000000,49000000,55000000,57000000,62000000,78000000,74000000,57000000,74000000,43000000,42000000,43000000,66000000,63000000,46000000,,,,
Brunei Darussalam,,,,,,,,,,,,,,,,,,,,
Bhutan,,,,,,,,1000000,1000000,2000000,2000000,2000000,3000000,600000.0238,4000000,1000000,2000000,1000000,,
Botswana,11000000,13000000,5000000,4000000,1000000,3000000,1299999.952,699999.9881,400000.006,500000,479999.9893,1000000,200000.003,1000000,400000.006,100000.0015,300000.0119,300000.0119,3700000.048,2799999.952
Central African Republic,,,,1000000,2000000,3000000,6000000,7000000,9000000,18000000,18000000,19000000,19399999.62,,,,,,,
Canada,2673000000,2535000000,2972000000,3743000000,4719000000,5452000000,6458000000,6618000000,6035000000,7248000000,7848000000,,,,,,,,,
Central Europe and the Baltics,854453349.9,1072302646,1364569297,1863199901,2207099032,2219982861,2355758599,3037824491,2108340878,2081352388,2192544969,1974477965,1790956230,2316732596,2158707046,2310879798,2702041807,3217088043,3822364917,
Switzerland,2089000000,1792000000,1861000000,1957000000,1931000000,2094000000,2350000000,2619000000,2270000000,2527000000,3005000000,2866000000,2939000000,3072000000,2468000000,2322000000,2402000000,2387000000,2343000000,826000000
Channel Islands,,,,,,,,,,,,,,,,,,,,
Chile,231000000,259000000,259000000,274000000,304000000,334000000,382000000,392000000,337000000,423000000,422000000,567000000,632000000,618000000,555000000,609000000,789000000,761000000,714000000,190000000
China,1083000000,1361000000,1529000000,2211000000,,,,,,,,,,,,,,,,
Cote d'Ivoire,102000000,132000000,164000000,190000000,195000000,210000000,234000000,256000000,246000000,217000000,200000000,196000000,202000000,223000000,203000000,119000000,177500000,209000000,228000000,110000000
Cameroon,39000000,34000000,101000000,71000000,125000000,109000000,98000000,153000000,87000000,79000000,93000000,150000000,183000000,200000000,174000000,203000000,210000000,227000000,235000000,144000000
"Congo, Dem. Rep.",,,,,,,,,,,,,,,,,,,,
"Congo, Rep.",17000000,15000000,40000000,73000000,,,66000000,133000000,171000000,101000000,104000000,135000000,156000000,178000000,233000000,206000000,,,,
Colombia,392000000,280000000,287000000,358000000,435000000,481000000,597000000,642000000,589000000,587000000,657000000,835000000,651000000,616000000,572000000,637000000,661000000,747000000,723000000,180000000
Comoros,,,,,9500000,12600000.38,13100000.38,15800000.19,12899999.62,14100000.38,16299999.24,16600000.38,,16000000,15000000,17000000,18000000,20000000,22000000,12000000
Cabo Verde,8000000,7000000,16000000,15000000,15000000,24000000,16000000,10000000,9000000,9000000,10000000,8000000,7000000,5000000,8000000,8000000,22000000,27000000,22000000,7000000
Costa Rica,70000000,86000000,135000000,129000000,128000000,168000000,200000000,167000000,137000000,211000000,220000000,225000000,224000000,207000000,208000000,252000000,278000000,360000000,380000000,397000000
Caribbean small states,267455712.2,276965248.6,322135546.7,434340062.9,501904072.7,398145057.7,423481561.3,371602053.8,340233049.3,347472050.3,296799043,494665071.6,471741568.3,591185085.6,532870910.5,474556735.4,601550791.3,653907989.8,,
Cuba,,,,,,,,,,,,,,,,,,,,
Curacao,,,,,,,20000000,26000000,49000000,56000000,54000000,79000000,78000000,73000000,73000000,69000000,77000000,68000000,70000000,25000000
Cayman Islands,,,,,,,,,,,,,,,,,65000000,70000000,72000000,
Cyprus,140000000,70000000,89293968.2,95639816.28,69000000,64161163.33,74829299.93,302000000,337000000,,,,,,373000000,439318512,,,,
Czechia,,200000000,243000000,402000000,198000000,109000000,127000000,145000000,81000000,102000000,87000000,84000000,61000000,40000000,47000000,42000000,68000000,102000000,145000000,65000000
Germany,4613000000,6498000000,7549000000,9090000000,10346000000,11564000000,13032000000,14050000000,11438000000,13300000000,13682000000,12994000000,11357000000,8453000000,7866000000,7489000000,7427000000,8303000000,8134000000,
Djibouti,8899999.619,4900000.095,7099999.905,11199999.81,11500000,11500000,11600000.38,11800000.19,11699999.81,11899999.62,12500000,11199999.81,,,,,,,,
Dominica,,,,,,,,,,,,,,13000000,12000000,10000000,9000000,8000000,9000000,3000000
Denmark,,,,,,,,,,,,,,,,,,,,
Dominican Republic,134000000,134000000,136000000,138000000,159000000,162000000,205000000,205000000,164000000,267000000,293000000,291000000,297000000,310000000,340000000,379000000,410000000,457000000,436000000,230000000
Algeria,,,,,290000000,65000000,126000000,145000000,118000000,115000000,68000000,69000000,60000000,71000000,77000000,82000000,52000000,44000000,32000000,38000000
East Asia & Pacific (excluding high income),,,,,,,,,,,,,,,,,,,,
Early-demographic dividend,12117051682,11138667685,10570368313,11933045882,15135466382,16336629179,19262272817,23378873051,19699819270,22606050290,25127345387,26678269269,29173637333,28986799202,28731492490,29934825116,33720269931,35482399897,36094582024,
East Asia & Pacific,,,,,,,,,,,,,,,,,,,,
Europe & Central Asia (excluding high income),1471591831,1643167560,2091904082,2836278784,3318010638,4159510814,5093642971,6862358441,5696809290,6494233801,7599546757,8819456310,9368538317,8273575329,6349606100,7384183748,8920313270,9724420726,9842397099,
Europe & Central Asia,27968592620,31254654071,35431025578,38979753166,44302503550,47510137171,55632440606,63824146965,54269909869,59923850521,67431256587,66996265800,67434193513,64990655018,55263842568,55891437346,61677046616,66378760224,64909883423,
Ecuador,125000000,143000000,146000000,186000000,215000000,240000000,229000000,248000000,257000000,295000000,323000000,333000000,366000000,355000000,355000000,373000000,399000000,389000000,434000000,125000000
"Egypt, Arab Rep.",116000000,43000000,144000000,286000000,303000000,372000000,440000000,475000000,403000000,456000000,372000000,419000000,247000000,346000000,194000000,241000000,259000000,230000000,200000000,69000000
Euro area,,,,,,,,,37327286540,40855254690,45905091453,43400588178,42813083293,41266334985,36513874990,35959985011,39267314476,42241335987,40819052486,
Eritrea,,,,,,,,,,,,,,,,,,,,
Spain,,,,,,,,,,,,,,,,,,,,
Estonia,61000000,74000000,85000000,87000000,91000000,120000000,134000000,130000000,,,,,177000000,165000000,143000000,137000000,148000000,184000000,263000000,82000000
Ethiopia,6000000,10000000,13000000,1000000,,,,,1000000,,,,,,,,7500000,699999.9881,,500000
European Union,,,,,,,,,40177802193,43924742220,49103928243,46428152674,45598857078,44854643793,39860864791,39383672398,43319081790,46967957308,46083510409,
Fragile and conflict affected situations,,,,,2874248713,3111185349,4340437080,4827186340,5217263153,6291735948,7147946037,8276450643,8846369538,8450573981,8599864332,7749799752,5856845465,8216906279,6693435799,
Finland,590000000,432000000,521000000,562000000,564000000,675000000,829000000,1033000000,832000000,963000000,1131000000,954000000,1090000000,1021000000,990000000,1008000000,1130000000,1151000000,1163000000,294000000
Fiji,19000000,24000000,18000000,24000000,26000000,12000000,14000000,15000000,13000000,14000000,18000000,19000000,14000000,10000000,11000000,10000000,10000000,11000000,9000000,2000000
France,6170000000,6491000000,7732000000,6893000000,7286000000,6972000000,8144000000,9445000000,8096000000,8398000000,10784000000,10232000000,10261000000,9687000000,8192000000,8593000000,9595000000,9667000000,9244000000,3435000000
Faroe Islands,,,,,,,,,,,,,,,,,,,,
"Micronesia, Fed. Sts.",,,,,,,,,16000000,16000000,15000000,17000000,17000000,17000000,,,,,,
Gabon,31000000,40000000,45000000,61000000,72000000,,99000000,109000000,116000000,184000000,115000000,127000000,126000000,112000000,114000000,,,,,
United Kingdom,,,,,,,,,,,,,,,,,,,,
Georgia,29000000,40000000,40000000,49000000,68000000,90000000,101000000,134000000,130000000,130000000,171000000,215000000,243000000,264000000,279000000,320000000,389000000,435000000,467000000,112000000
Ghana,60000000,65000000,78000000,84000000,169000000,230000000,258000000,328000000,264000000,308000000,562000000,512000000,509000000,489000000,668000000,779000000,888000000,879000000,1052000000,841000000
Gibraltar,,,,,,,,,,,,,,,,,,,,
Guinea,8000000,7000000,10000000,4000000,9000000,13000000,67000000,21000000,15000000,8500000,16100000.38,18299999.24,10500000,10600000.38,7599999.905,4400000.095,90900001.53,402500000,416600006.1,1070900024
"Gambia, The",,,4000000,2000000,2000000,2000000,,,,,,,400000.006,1399999.976,1399999.976,1200000.048,1500000,1399999.976,699999.9881,200000.003
Guinea-Bissau,2700000.048,5099999.905,8000000,9199999.809,9100000.381,2299999.952,500000,500000,300000.0119,100000.0015,7099999.905,4699999.809,,,,,,100000.0015,1799999.952,
Equatorial Guinea,,,,,,,,,,,,,,,,,,,,
Greece,12000000,17000000,8000000,8000000,6000000,7000000,7000000,16000000,739000000,547000000,648000000,641000000,1333000000,1248000000,1276000000,1192000000,1150000000,1328000000,1141000000,602000000
Grenada,,,,,,,,,,,,,,16000000,20000000,19000000,16000000,18000000,24000000,7000000
Greenland,,,,,,,,,,,,,,,,,,,,
Guatemala,41000000,53000000,61000000,103000000,111000000,126000000,140000000,134000000,147000000,222000000,227000000,214000000,227000000,247000000,266000000,278000000,291000000,298000000,314000000,90000000
Guam,,,,,,,,,,,,,,,,,,,,
Guyana,7000000,6000000,4000000,,,,,,,,,,,,,,,,,
High income,80968364725,81670574447,85469103791,98180361811,1.08838E+11,1.17559E+11,1.32608E+11,1.45492E+11,1.26291E+11,1.46871E+11,1.65275E+11,1.69653E+11,1.56409E+11,1.56097E+11,1.41789E+11,1.39182E+11,1.46325E+11,1.65354E+11,1.66437E+11,
"Hong Kong SAR, China",,,,,,,,,,,,,,,,,,,,
Honduras,77000000,72000000,57000000,56000000,59000000,70000000,97000000,94000000,65000000,85000000,92000000,95000000,102000000,99000000,96000000,112000000,116000000,150000000,156000000,67000000
Heavily indebted poor countries (HIPC),1167518867,1167780554,1474740014,1496852609,1831451256,2153371570,2539568317,3096628303,3009067584,2744937458,3317779362,3676820479,3664027268,3856309342,4085084420,4073568028,4686659333,5242305594,5466702746,
Croatia,71000000,71000000,37000000,33000000,32000000,33000000,40000000,44000000,28000000,29000000,37000000,36000000,20000000,19000000,15000000,9000000,41000000,48000000,47000000,14000000
Haiti,150000000,154000000,160000000,134000000,119000000,183000000,275000000,319000000,364000000,368000000,396000000,409000000,356000000,404000000,432000000,441000000,423000000,496000000,337000000,
Hungary,79000000,78000000,106000000,61000000,444000000,440000000,542000000,632000000,501000000,493000000,563000000,571000000,620000000,676000000,626000000,572000000,580000000,600000000,611000000,175000000
IBRD only,,,,,,,,,,,,,,,,,,,,
IDA & IBRD total,,,,,,,,,,,,,,,,,,,,
IDA total,,,,,3459272680,4013761201,5757458871,7124181301,6385070919,8403698546,9418291262,9895114623,10796377193,10855274490,11605353909,11203436374,10653677127,12909646555,12373757436,
IDA blend,,,,,1184332070,1200638663,2296633904,2841340235,2466379598,4353086147,4940143566,4959835220,5396743781,5907496043,5973784036,6201859673,5082630575,6530976050,5973353700,
Indonesia,,1753000000,1345000000,1062000000,1156000000,1428000000,1674000000,3247000000,1592000000,2037000000,2398000000,2284000000,2605000000,2581000000,2508000000,2366000000,2656000000,2857000000,3141000000,327000000
IDA only,1619108694,1648503769,1852942271,1994290157,2227725279,2754114064,3389459543,4194541263,3840600776,3898209145,4305329163,4767387382,5217293066,4734665359,5435510885,4769583067,5398646390,6148427536,6210425438,
Isle of Man,,,,,,,,,,,,,,,,,,,,
India,1361000000,1362000000,800000000,967000000,2090000000,1893000000,2471000000,2477000000,,,,1765000000,2269000000,2897000000,2848000000,2808000000,3413000000,4471000000,5680000000,3203000000
Not classified,,,,,,,,,,,,,,,,,,,,
Ireland,98000000,80000000,96000000,114000000,112000000,116000000,129000000,126000000,114000000,107000000,114000000,,,,,,,,,
"Iran, Islamic Rep.",6000000,240000000,278000000,309000000,388000000,382000000,526000000,704000000,698000000,915000000,780000000,610000000,625000000,678000000,666000000,909000000,1061000000,576000000,,
Iraq,,,,,188000000,131000000,66000000,19000000,14000000,55000000,43000000,82000000,,,,,,,,
Iceland,,2000000,1000000,2000000,11000000,8000000,10000000,,,,,,,,,,,,,
Israel,942000000,779000000,791000000,867000000,885000000,887000000,991000000,1006000000,960000000,1018000000,1099000000,1099000000,1215000000,1345000000,1494000000,1763000000,1928000000,2097000000,2236000000,371000000
Italy,2204000000,2713000000,3144000000,3605000000,4402000000,4287000000,5426000000,,,,,,,,5887000000,5597000000,6918000000,7640000000,7601000000,2107000000
Jamaica,21000000,16000000,17000000,32000000,41000000,42000000,42000000,44000000,43000000,42000000,54000000,234000000,214000000,259000000,178000000,157000000,184000000,219000000,224000000,160000000
Jordan,42000000,51000000,51000000,61000000,68000000,119000000,141000000,136000000,138000000,164000000,119000000,113000000,110000000,109000000,107000000,109000000,110000000,106000000,108000000,27000000
Japan,8995000000,8321000000,7547000000,9923000000,10531000000,10779000000,10747000000,11070000000,9588000000,11356000000,12498000000,13061000000,10383000000,9295000000,7278000000,7406000000,7586000000,7899000000,7869000000,1293000000
Kazakhstan,88000000,106000000,114000000,153000000,187000000,239000000,314000000,283000000,187000000,216000000,220000000,337000000,304000000,256000000,179000000,133000000,135000000,165000000,192000000,35000000
Kenya,40000000,,,,,,,,,,,,,,,,,,,
Kyrgyz Republic,9000000,17000000,18000000,23000000,36000000,50000000,103000000,146000000,126000000,127000000,145000000,179000000,155000000,178000000,136000000,121000000,130000000,137000000,128000000,96000000
Cambodia,22000000,26000000,24000000,32000000,41000000,54000000,71000000,83000000,59000000,70000000,80000000,92000000,114000000,126000000,131000000,146000000,178000000,217000000,251000000,44000000
Kiribati,,,,,,,,,,,,,,,,,10670000.08,,,
St. Kitts and Nevis,,,,,,,,,,,,,,12000000,15000000,14000000,14000000,15000000,18000000,5000000
"Korea, Rep.",732000000,975000000,960000000,1157000000,1518000000,2138000000,2474000000,2391000000,1320000000,2022000000,2275000000,2289000000,2811000000,2944000000,2687000000,2574000000,2762000000,2889000000,2600000000,548000000
Kuwait,365000000,391000000,402000000,446000000,465000000,501000000,631000000,771000000,610000000,672000000,815000000,824000000,914000000,1012000000,767000000,895000000,1174000000,,,
Latin America & Caribbean (excluding high income),4152830736,3522317558,3753539676,4383718302,5360597142,6255899461,7537670548,8303470140,7585596754,9361925501,11074012737,12556666008,13502953652,13211317589,12034181987,11953000222,14114464732,14118523821,12893490964,
Lao PDR,4000000,4000000,4000000,4000000,5000000,6000000,6000000,10000000,8000000,12000000,11000000,9000000,3000000,3000000,4000000,100000.0015,8000000,13000000,18000000,9000000
Lebanon,,,376000000,549000000,657000000,777000000,800000000,733000000,916000000,353000000,436000000,312000000,304000000,203000000,446000000,212000000,117000000,141000000,157000000,28000000
Liberia,,,,15000000,17000000,24000000,27000000,28000000,22000000,,,,,,,,,,,
Libya,127000000,68000000,132000000,186000000,240000000,247000000,121000000,62000000,96000000,137000000,,97000000,173000000,182000000,99000000,99000000,,,,
St. Lucia,,,,,,,,,,,,,,21000000,30000000,27000000,30000000,30000000,31000000,9000000
Latin America & Caribbean,5752532506,5023626219,5220931848,6092621821,7208835155,8164420173,9728755818,10648298535,10007058632,11612965919,13791609371,15996796746,17261716726,16530737948,14690944952,14609678489,17258152106,17177861169,15762396430,
Least developed countries: UN classification,1170619219,1169241534,1324966308,1418453083,1516925095,2111579817,2544665240,3009674974,2765038290,2793527747,2919063477,3377383479,3834036447,3652049754,4062789872,3344025054,3769705796,4366138219,4218556306,
Low income,,,,,,,,,,,,,,,,,,,,
Liechtenstein,,,,,,,,,,,,,,,,,,,,
Sri Lanka,152000000,175000000,183000000,203000000,238000000,293000000,316000000,349000000,324000000,375000000,425000000,509000000,620000000,659000000,732000000,753000000,810000000,827000000,798000000,354000000
Lower middle income,5969603115,6439675220,6157387775,6643941790,8769925573,9589500620,12465900754,16074418594,12143617776,15630821164,17015734206,17371233044,19092014392,20297160498,19977167361,20408122828,21468588155,23786447439,25284302374,
Low & middle income,,,,,,,,,,,,,,,,,,,,
Lesotho,3000000,2000000,4000000,7000000,9000000,3000000,8000000,5000000,8000000,8000000,10000000,7000000,6000000,7000000,6000000,4000000,4000000,5000000,4000000,1000000
Late-demographic dividend,,,,,,,,,,,,,,,,,,,,
Lithuania,8000000,8000000,5000000,7000000,,,,,,,,,,,,,,,,
Luxembourg,,21000000,30000000,42000000,50000000,62000000,87000000,103000000,93000000,88000000,99000000,96000000,76000000,78000000,54000000,51000000,47000000,59000000,45000000,38000000
Latvia,32000000,37000000,37000000,51000000,71000000,84000000,94000000,,,,,,,,,,,,,
"Macao SAR, China",,20000000,16000000,17000000,63000000,73000000,82000000,74000000,68000000,83000000,100000000,72000000,104000000,131000000,109000000,96000000,102000000,104000000,112000000,41000000
St. Martin (French part),,,,,,,,,,,,,,,,,,,,
Morocco,200000000,225000000,297000000,338000000,387000000,420000000,538000000,820000000,607000000,676000000,897000000,842000000,684000000,817000000,753000000,852000000,1036000000,1011000000,926000000,396000000
Monaco,,,,,,,,,,,,,,,,,,,,
Moldova,15000000,14000000,19000000,22000000,29000000,34000000,57000000,71000000,64000000,57000000,72000000,88000000,93000000,97000000,86000000,77000000,78000000,86000000,93000000,27000000
Madagascar,49000000,32000000,3000000,15000000,89000000,81000000,91000000,123000000,114000000,112000000,138000000,127000000,123000000,161000000,99000000,159000000,155000000,126000000,142000000,18000000
Maldives,14000000,14000000,14000000,19000000,24000000,28000000,30000000,44000000,38000000,47000000,47000000,43000000,48000000,63000000,56000000,63000000,61000000,76000000,82000000,14000000
Middle East & North Africa,,,,,,,,,,,,,,,,,,,,
Mexico,983000000,1027000000,999000000,1075000000,1351000000,1279000000,1456000000,1678000000,1530000000,1746000000,1872000000,2286000000,2848000000,2950000000,2570000000,2520000000,2807000000,2844000000,2419000000,811000000
Marshall Islands,,,,,11100000.38,12199999.81,12899999.62,12899999.62,12199999.81,10899999.62,11100000.38,12600000.38,12000000,11500000,11500000,11500000,11500000,11500000,,
Middle income,,,,,,,,,,,,,,,,,,,,
North Macedonia,21000000,16000000,23000000,30000000,35000000,39000000,45000000,54000000,50000000,39000000,46000000,42000000,37000000,37000000,30000000,24000000,26000000,23000000,20000000,6000000
Mali,29000000,26000000,46000000,59000000,56000000,76000000,64000000,81000000,89000000,56000000,52000000,62000000,71000000,87000000,57000000,56000000,60000000,76000000,,
Malta,24000000,26000000,23000000,36000000,43000000,42000000,47000000,,,,,,,,,,,,,
Myanmar,5000000,5000000,4000000,3000000,3000000,3000000,3000000,699999.9881,,,9000000,8000000,16000000,82000000,121000000,164000000,31000000,29000000,28000000,
Middle East & North Africa (excluding high income),1200727420,1433539330,1998496229,2678631638,3098147929,3113007152,3430880216,3871170414,3696174491,3554668970,3537451024,3211870536,2911638456,3165303927,2977812057,3184910920,3490243335,2833587012,2654114997,
Montenegro,,,,,,,21000000,37000000,27000000,26000000,31000000,28000000,33000000,32000000,24000000,25000000,24000000,5000000,14000000,8000000
Mongolia,4000000,6000000,6000000,14000000,16000000,24000000,22000000,32000000,32000000,54000000,64000000,73000000,63000000,56000000,51000000,54000000,85000000,103000000,111000000,23000000
Northern Mariana Islands,,,,,,,,,,,,,,,,,,,,
Mozambique,18000000,2000000,1000000,6000000,11000000,17000000,29000000,33000000,35000000,31000000,34000000,61000000,72000000,78000000,99000000,45000000,46000000,3000000,4000000,5000000
Mauritania,,,,,,,,,,,,42000000,47000000,50000000,30000000,33000000,32000000,25000000,25000000,17000000
Mauritius,18000000,19000000,20000000,22000000,20000000,20000000,27000000,37000000,30000000,25000000,27000000,28000000,20000000,22000000,69000000,67000000,69000000,75000000,78000000,19000000
Malawi,12000000,8000000,13000000,10000000,30000000,30000000,22000000,25000000,28000000,29000000,31000000,31000000,28000000,32000000,35000000,28000000,34000000,49000000,56000000,36000000
Malaysia,777000000,712000000,555000000,644000000,628000000,828000000,999000000,1015000000,688000000,934000000,956000000,948000000,1141000000,1451000000,891000000,867000000,1316000000,1080000000,1309000000,386000000
North America,24587316793,23119130737,23680941781,27033619919,29608250387,32820475764,37187882896,41859267200,39013759027,46331355212,52281054119,56834140727,48975323529,52282239818,49944040133,45777491607,47987635731,60183742203,62690311237,
Namibia,,,,,,,,,5000000,7000000,9000000,5000000,6000000,17000000,8000000,10000000,2000000,13000000,11000000,5000000
New Caledonia,,,,,,,,186000000,160000000,164000000,180000000,177000000,169000000,159000000,108000000,99000000,,,,
Niger,7000000,12000000,17000000,20000000,12000000,14000000,19000000,30000000,30000000,3000000,17000000,96000000,34000000,44000000,70000000,36000000,40000000,46000000,42000000,
Nigeria,27000000,29000000,281000000,,261000000,257000000,1075000000,1230000000,1224000000,2782000000,2935000000,3099000000,3288000000,3393000000,3412000000,3445000000,2397000000,3649000000,2897000000,1065000000
Nicaragua,52000000,56000000,64000000,65000000,71000000,88000000,111000000,121000000,122000000,104000000,102000000,105000000,125000000,118000000,117000000,129000000,130000000,130000000,131000000,39000000
Netherlands,1067000000,1225000000,622000000,589000000,,,,,,,,316000000,311000000,2563000000,2196000000,2273600098,2315899902,2556800049,2067699951,406600006.1
Norway,308000000,421000000,373000000,405000000,722000000,552000000,1135000000,1018000000,1120000000,1186000000,1135000000,1528000000,1651000000,1627000000,1187000000,1315000000,1220000000,1255000000,1172000000,370000000
Nepal,48000000,39000000,38000000,51000000,58000000,76000000,128000000,164000000,138000000,126000000,100000000,149000000,176000000,176000000,142000000,47000000,103000000,82000000,11000000,4000000
Nauru,,,,,,,,,,,,,,,,,,,,
New Zealand,,,,,,,,,,,,,,,,,,,,
OECD members,66659316119,67449576086,71049142760,81382276709,90458570131,97479066161,1.10287E+11,1.21143E+11,1.05435E+11,1.2299E+11,1.38178E+11,1.43837E+11,1.31694E+11,1.32282E+11,1.19782E+11,1.16094E+11,1.2378E+11,1.41434E+11,1.41267E+11,
Oman,185000000,172000000,174000000,179000000,195000000,182000000,200000000,341000000,393000000,242000000,325000000,362000000,398000000,426000000,439000000,505000000,580000000,668000000,771000000,200000000
Other small states,,,,,,,,,,,,,,,,,,,,
Pakistan,303000000,236000000,238000000,344000000,473000000,484000000,482000000,645000000,413000000,445000000,727000000,437000000,555000000,844000000,984000000,1022000000,1119000000,1074000000,1346000000,397000000
Panama,53000000,73000000,59000000,55000000,117000000,132000000,150000000,194000000,165000000,177000000,174000000,176000000,216000000,205000000,217000000,207000000,211000000,211000000,211000000,136000000
Peru,228000000,200000000,206000000,209000000,218000000,249000000,275000000,310000000,316000000,372000000,412000000,461000000,513000000,529000000,660000000,658000000,702000000,749000000,852799987.8,205000000
Philippines,207000000,248000000,236000000,251000000,268000000,321000000,321000000,496000000,385000000,477000000,439000000,592000000,567000000,532000000,525000000,546000000,592000000,611000000,888000000,304000000
Palau,6699999.809,9600000.381,9000000,9199999.809,10000000,9300000.191,8699999.809,11000000,9699999.809,9199999.809,8699999.809,9199999.809,8300000.191,7800000.191,9100000.381,9500000,9600000.381,,,
Papua New Guinea,,,100000.0015,699999.9881,600000.0238,27000000,60000000,46000000,19000000,19000000,25000000,48000000,61000000,43000000,10000000,7000000,14000000,21000000,,
Poland,99000000,162000000,201000000,317000000,347000000,430000000,588000000,785000000,517000000,530000000,421000000,371000000,311000000,670000000,584000000,633000000,691000000,886000000,941000000,345000000
Pre-demographic dividend,,,,,1737292610,1981062916,3114553741,3510101817,3402954339,5084050291,5451949616,6041541969,6340184864,6936696029,7410279832,6722252202,5757163832,8002735565,7051941557,
Puerto Rico,452000000,391000000,435000000,499000000,520000000,547000000,551000000,548000000,469000000,373000000,386000000,375000000,360000000,331000000,317000000,339000000,342000000,301000000,,
"Korea, Dem. People's Rep.",,,,,,,,,,,,,,,,,,,,
Portugal,492000000,508000000,573000000,606000000,693000000,802000000,929000000,955000000,829000000,787000000,805000000,699000000,980000000,1062000000,881000000,773000000,908000000,1031000000,1094000000,396000000
Paraguay,58000000,52000000,48000000,50000000,51000000,52000000,75000000,86000000,100000000,116000000,134000000,156000000,182000000,193000000,213000000,213000000,213000000,213000000,213000000,130000000
West Bank and Gaza,13000000,7000000,9000000,8000000,9000000,3000000,11000000,10000000,8000000,6000000,8000000,4000000,5000000,7000000,10000000,14000000,21000000,20000000,24000000,9000000
Pacific island small states,,,,83997348.89,97821599.28,75189121.13,79849126.3,92044731.53,87423239.41,86903481.24,83784936.85,96259120.71,84304693.77,67253115.99,66963855.98,55248796.56,55393427.68,66201900.81,,
Post-demographic dividend,76189707887,77394935952,81686757979,93664639693,1.03848E+11,1.12362E+11,1.26271E+11,1.3857E+11,1.2086E+11,1.40962E+11,1.59025E+11,1.64992E+11,1.50409E+11,1.50109E+11,1.35425E+11,1.29959E+11,1.39011E+11,1.52532E+11,1.52022E+11,
French Polynesia,,84000000,99000000,114000000,118000000,,,229000000,175000000,175000000,159000000,142000000,137000000,143000000,131000000,74000000,,,,
Qatar,,,,,,,,,,,6006000000,5054000000,5113000000,4189000000,3470000000,4063000000,2646000000,2482000000,3042000000,4762000000
Romania,26000000,52000000,93000000,133000000,148000000,149000000,182000000,233000000,297000000,260000000,329000000,276000000,120000000,236000000,289000000,342000000,578000000,781000000,1176000000,450000000
Russian Federation,475000000,444000000,547000000,797000000,991000000,1366000000,2032000000,3232000000,2766000000,3476000000,4441000000,5298000000,6051000000,4955000000,3500000000,3702000000,4526000000,4520000000,4459000000,1660000000
Rwanda,13000000,,,,38000000,43000000,51000000,76000000,76000000,43000000,53000000,54000000,47000000,49000000,42000000,43000000,48000000,45000000,46799999.24,23000000
South Asia,,,,,,,,,,,,3495000000,4635000000,5024600000,5170000000,5063000000,6044000000,7006000000,8426202712,
Saudi Arabia,,,,,,,861000000,876000000,893000000,941000000,931000000,963000000,988000000,1019000000,1020000000,1013000000,1513000000,1288000000,1275000000,536000000
Sudan,,,,,,,,,,,,,,,,,,,,
Senegal,69000000,69000000,74000000,81000000,79000000,85000000,99000000,101000000,103000000,57000000,99000000,104000000,115000000,132000000,128000000,130000000,141000000,153000000,,
Singapore,,,,,,,,,,,,,,,,,,,,
Solomon Islands,3900000.095,2700000.048,2000000,3299999.952,6500000,4300000.191,6599999.905,6500000,6000000,4000000,1100000.024,200000.003,600000.0238,1200000.048,300000.0119,200000.003,100000.0015,100000.0015,100000.0015,9999.999776
Sierra Leone,200000.003,100000.0015,800000.0119,300000.0119,1600000.024,3000000,3000000,400000.006,13000000,9000000,12000000,17000000,51000000,5000000,5000000,6500000,8000000,7000000,6000000,
El Salvador,52000000,75000000,82000000,81000000,82000000,83000000,85000000,85000000,66000000,61000000,41000000,26000000,28000000,29000000,38000000,39000000,48000000,47000000,33000000,20000000
San Marino,,,,,,,,,,,,,,,,,,,,
Somalia,,,,,,,,,,,,,,,,,,,,
Serbia,,,,,,,161000000,197000000,145000000,149000000,158000000,157000000,173000000,181000000,152000000,149000000,168000000,194000000,194000000,64000000
Sub-Saharan Africa (excluding high income),,,,,3658094385,4575539782,6265660135,7233827307,6787747233,8841165929,10151681011,10614748561,10849524926,11508503018,11712047287,10851497250,10398226613,12748181033,11861036316,
South Sudan,,,,,,,,,,,,,,201000000,732000000,313000000,286000000,505000000,449000000,468000000
Sub-Saharan Africa,,,,,3680559807,4597272557,6298738397,7260173302,6809446914,8866558862,10176315704,10636666379,10873747159,11536008080,11734665712,10892726364,10443462667,12780774330,11905647349,
Small states,,,,,,,,,,,9115916303,8058387017,8100569812,6988749855,6569718275,7641353861,5944649809,5831620615,6785746332,
Sao Tome and Principe,1399999.976,1299999.952,1299999.952,1500000,400000.006,899999.9762,600000.0238,300000.0119,400000.006,500000,1000000,800000.0119,,,,,,,,
Suriname,39000000,44000000,62000000,71000000,77000000,15000000,6000000,5000000,3000000,2000000,7000000,7000000,5000000,3000000,12000000,1000000,6000000,10000000,7000000,4000000
Slovak Republic,51000000,64000000,89000000,155000000,278000000,170000000,292000000,431000000,151000000,202000000,263000000,169000000,156000000,154000000,140000000,180000000,188000000,201000000,224000000,67000000
Slovenia,32000000,39000000,52000000,69000000,69000000,84000000,116000000,253000000,178000000,163000000,172000000,149000000,142000000,158000000,139000000,178399993.9,134600006.1,121000000,93500000,37900001.53
Sweden,995000000,920000000,1079000000,923000000,1074000000,1307000000,1824000000,1817000000,1523000000,1847000000,,,,,,,,,,
Eswatini,1000000,,1000000,6000000,11000000,5000000,12000000,13000000,26000000,26000000,5000000,9000000,10000000,8000000,14000000,3000000,9000000,2000000,1000000,400000.006
Sint Maarten (Dutch part),,,,,,,400000.006,100000.0015,23000000,22000000,24000000,28000000,25000000,29000000,26000000,16000000,12000000,8000000,10000000,2000000
Seychelles,18000000,20000000,18000000,19000000,20000000,20000000,30000000,25000000,21000000,25000000,25000000,23000000,25000000,28000000,24000000,39000000,42000000,33000000,42000000,13000000
Syrian Arab Republic,,,34000000,38000000,34000000,45000000,65000000,111000000,98000000,88000000,76000000,,,,,,,,,
Turks and Caicos Islands,,,,,,,,,,,,,,,,,,,,
Chad,,,,,,,,,,,,,,,,,,,,
East Asia & Pacific (IDA & IBRD countries),,,,,,,,,,,,,,,,,,,,
Europe & Central Asia (IDA & IBRD countries),1640641205,1887056577,2327540013,3190632195,3693677047,4617096309,5721232467,7689702663,6231182291,7037094642,8027099723,9183782311,9648234372,8940649179,6932594345,8006928971,9628547056,10634091895,10806268688,
Togo,15000000,21000000,30000000,30000000,34000000,37000000,42000000,49000000,47000000,43000000,24000000,12000000,13000000,19000000,16000000,17000000,18000000,23000000,18000000,
Thailand,410000000,585000000,617000000,829000000,1117000000,1577000000,1745000000,1695000000,1315000000,1528000000,1817000000,1847000000,1757000000,1753000000,1821000000,2195000000,2172000000,2323000000,2614000000,816000000
Tajikistan,,,,,,,,,,35400001.53,28299999.24,32599998.47,40200000.76,35000000,25000000,21000000,11000000,14000000,23200000.76,7300000.191
Turkmenistan,,,,,,,,,,,,,,,,,,,,
Latin America & the Caribbean (IDA & IBRD countries),5054601672,4399114483,4530010542,5258641826,6309765518,7248016867,8767762339,9679811181,9107387157,10774269790,12983342784,15145049705,16406801251,15677162179,13894528431,13821420418,16346581842,16316092614,14946037360,
Timor-Leste,,,,,,300000.0119,2000000,11000000,11000000,16000000,13000000,19000000,17000000,18000000,17000000,16000000,16000000,16000000,18000000,7000000
Middle East & North Africa (IDA & IBRD countries),1184403235,1430705939,1996029286,2680991889,3101230604,3123041961,3433107623,3876452157,3702994469,3563172189,3543476203,3221364415,2918553699,3170895963,2978869654,3181974404,3479763053,2821290738,2633436607,
Tonga,,,9899999.619,10100000.38,12199999.81,6900000.095,7400000.095,11399999.62,12699999.81,13899999.62,11600000.38,14300000.19,11199999.81,9399999.619,9199999.809,3299999.952,3400000.095,5199999.809,5000000,5000000
South Asia (IDA & IBRD),,,,,,,,,,,,,,,,,,,,
Sub-Saharan Africa (IDA & IBRD countries),,,,,3680559807,4597272557,6298738397,7260173302,6809446914,8866558862,10176315704,10636666379,10873747159,11536008080,11734665712,10892726364,10443462667,12780774330,11905647349,
Trinidad and Tobago,21000000,22000000,36000000,45000000,54000000,53000000,61000000,27000000,31000000,26000000,38000000,27000000,27000000,44000000,46000000,43000000,50000000,51000000,47000000,9000000
Tunisia,49000000,43000000,55000000,87000000,78000000,88000000,93000000,97000000,63000000,64000000,71000000,80000000,93000000,89000000,71000000,74000000,76000000,90000000,91000000,38000000
Turkiye,,,,,459000000,528000000,605000000,685000000,486000000,623000000,489000000,491000000,200000000,259000000,267000000,915000000,1042000000,1473000000,1244000000,599000000
Tuvalu,600000.0238,600000.0238,800000.0119,800000.0119,600000.0238,469999.9988,1000000,1200000.048,1200000.048,1299999.952,1799999.952,2000000,2299999.952,2400000.095,3000000,3599999.905,3799999.952,3700000.048,3500000,
Tanzania,36000000,24000000,22000000,25000000,23000000,37000000,21000000,25000000,40000000,31000000,29000000,36000000,67000000,83000000,93000000,70000000,66000000,80000000,87099998.47,
Uganda,2000000,2000000,44000000,50000000,61000000,73000000,88000000,159000000,159000000,144000000,135000000,158000000,141000000,153000000,92000000,101000000,151000000,164000000,178000000,158000000
Ukraine,110000000,137000000,164000000,197000000,273000000,368000000,453000000,562000000,421000000,392000000,368000000,432000000,537000000,409000000,307000000,336000000,415000000,388000000,390000000,132000000
Upper middle income,,,,,,,,,,,,,,,,,,,,
Uruguay,81000000,65000000,67000000,73000000,79000000,92000000,115000000,108000000,106000000,130000000,153000000,165000000,192000000,248000000,226000000,224000000,226000000,219000000,214000000,71000000
United States,21660000000,20345000000,20464000000,23011000000,24583000000,27029000000,30323000000,34817000000,32613000000,38666000000,43983000000,47827000000,41205000000,43980000000,42003000000,38484000000,40358000000,50678000000,52794000000,13031000000
Uzbekistan,,,,,,,,,,,,,,395000000,308000000,450000000,476000000,479000000,440000000,174000000
St. Vincent and the Grenadines,,,,,,,,,,,,,,13000000,17000000,18000000,14000000,15000000,15000000,4000000
"Venezuela, RB",610000000,565000000,452000000,527000000,567000000,578000000,750000000,935000000,1124000000,931000000,1410000000,1955000000,2187000000,1690000000,1148000000,1108000000,,,,
British Virgin Islands,,,,,,,,,,,,,,,,,,,,
Virgin Islands (U.S.),,,,,,,,,,,,,,,,,,,,
Viet Nam,,,,,,,,,,,,,,,,,,,,
Vanuatu,,2000000,2000000,2000000,2000000,2000000,2000000,3000000,4000000,4000000,4000000,6000000,5000000,4000000,4000000,3000000,3000000,4000000,6000000,4000000
World,1.03226E+11,1.03933E+11,1.08753E+11,1.26353E+11,1.43216E+11,1.57127E+11,1.80204E+11,2.02198E+11,1.74458E+11,2.03706E+11,2.30691E+11,2.40299E+11,2.31407E+11,2.30501E+11,2.0978E+11,2.07773E+11,2.22824E+11,2.47819E+11,2.49918E+11,
Samoa,,,,6500000,7800000.191,11399999.62,9600000.381,10699999.81,9300000.191,10300000.19,9300000.191,12300000.19,11500000,2599999.905,1200000.048,699999.9881,699999.9881,2400000.095,1799999.952,500000
Kosovo,,,,,,,,,,,,,,,,,,,,
"Yemen, Rep.",57000000,57000000,57000000,57000000,57000000,63000000,63000000,63000000,63000000,69000000,76000000,75000000,75000000,81000000,7000000,7000000,,,,
South Africa,488000000,440000000,766000000,1080000000,1438000000,1846000000,2177000000,2501000000,2269000000,2544000000,3114000000,3076000000,3062000000,3145000000,2736000000,2496000000,2810000000,2946000000,2725000000,666000000
Zambia,58000000,62000000,66000000,31000000,30000000,29000000,47000000,46000000,47000000,62000000,112000000,138000000,147000000,156000000,166000000,176000000,187000000,199000000,213000000,240000000
Zimbabwe,,,,,,,,,57000000,72000000,89000000,115000000,104000000,109000000,81000000,79000000,22000000,21000000,53000000,22000000
