Country,2001,2002,2003,2004,2005,2006,2007,2008,2009,2010,2011,2012,2013,2014,2015,2016,2017,2018,2019,2020,2021,2022
Aruba,2.89,3.32,3.66,2.53,3.4,3.61,5.39,8.96,-2.14,2.08,4.32,0.63,-2.37,0.42,0.48,-0.89,-0.47,3.58,4.26,1.22,0.74,6.04
Afghanistan,-43.4,51.93,35.66,16.36,10.57,6.78,8.68,26.42,-6.81,2.18,11.8,6.44,7.39,4.67,-0.66,4.38,4.98,0.63,2.3,5.44,5.06,
Angola,152.59,108.89,98.22,43.53,22.96,13.31,12.25,12.47,13.72,14.48,13.48,10.28,8.78,7.3,9.16,32.38,29.84,19.63,17.08,21.02,23.85,21.35
Albania,3.1,5.18,2.38,2.83,2.36,2.41,2.91,3.41,2.29,3.57,3.41,2.03,1.93,1.62,1.91,1.29,1.99,2.03,1.41,1.62,2.04,6.73
United Arab Emirates,2.8,2.92,3.12,5.04,6.2,9.28,11.13,12.27,1.57,0.88,0.88,0.66,1.09,2.34,4.07,1.62,1.97,3.06,-1.93,-2.08,0.18,5.22
Argentina,-1.07,25.87,13.44,4.42,9.64,10.9,8.83,8.59,6.27,10.46,9.77,10.04,10.62,38.08,26.54,39.4,25.68,34.28,53.55,42.02,48.41,72.43
Armenia,3.15,1.79,4.54,5.93,0.72,3.43,4.55,9.02,3.54,7.27,7.65,2.54,5.79,2.98,3.73,-1.41,1.03,2.52,1.44,1.21,7.18,8.78
Antigua and Barbuda,1.93,2.41,1.99,2.03,2.1,1.79,1.42,5.33,-0.55,3.37,3.46,3.38,1.06,1.09,0.97,-0.49,2.43,1.21,1.48,1.06,1.63,8.52
Australia,4.41,2.98,2.73,2.34,2.69,3.56,2.33,4.35,1.77,2.92,3.3,1.76,2.45,2.49,1.51,1.28,1.97,1.91,1.61,0.85,2.82,6.5
Austria,2.65,1.81,1.36,2.06,2.3,1.44,2.17,3.22,0.51,1.81,3.29,2.49,2,1.61,0.9,0.89,2.23,2,1.49,1.38,2.77,8.5
Azerbaijan,1.86,2.78,2.13,6.71,9.54,8.23,16.57,20.8,1.33,5.69,7.77,1.01,2.43,1.43,4.03,12.44,12.84,2.33,2.71,2.76,6.65,13.85
Burundi,9.3,-1.37,10.65,8.18,13.25,2.75,8.41,24.41,10.56,6.49,9.59,18.16,7.94,4.41,5.54,5.56,16.64,-2.81,-0.71,7.32,8.31,17.34
Belgium,2.47,1.65,1.59,2.1,2.78,1.79,1.82,4.49,-0.05,2.19,3.53,2.84,1.11,0.34,0.56,1.97,2.22,2.05,1.25,0.74,2.44,9.6
Benin,3.98,2.42,1.51,0.88,5.36,3.79,1.29,7.94,0.4,2.18,2.72,6.74,0.89,-1.01,0.27,-0.85,1.77,0.83,-0.93,3.02,5.92,1.31
Burkina Faso,4.73,2.3,2.04,-0.4,6.41,2.34,-0.23,10.67,0.86,-0.61,2.76,3.82,0.53,-0.26,0.95,-0.24,0.35,1.96,-3.23,1.88,3.85,14.29
Bangladesh,1.91,3.72,5.36,6.1,7.04,6.77,9.11,8.9,5.44,8.15,10.26,6.55,7.52,6.98,6.19,5.51,5.61,5.55,5.47,5.69,5.31,7.7
Bulgaria,7.45,5.86,2.39,6.14,5.03,7.26,8.42,12.35,2.75,2.44,4.22,2.95,0.89,-1.41,-0.1,-0.8,1.19,2.81,2.46,1.67,2.79,15.33
Bahrain,-1.17,-0.5,1.68,2.25,2.62,2.04,3.25,3.52,2.8,1.96,-0.37,2.77,3.3,2.65,1.84,2.8,1.39,2.08,1,-2.32,-0.61,3.61
"Bahamas, The",2.36,1.5,3.66,1.16,1.82,1.96,2.41,4.43,1.67,1.62,3.2,1.97,0.72,1.51,1.87,-0.35,1.55,2.23,1.34,0.04,2.91,5.66
Bosnia and Herzegovina,4.57,0.31,0.55,0.28,3.58,6.08,1.55,7.4,-0.39,2.21,3.66,2.06,-0.09,-0.92,-1.01,-1.06,0.81,1.27,0.62,-1.05,1.98,13.66
Belarus,60.85,42.65,28.49,18.24,10.37,6.96,8.29,14.73,12.83,7.66,53.17,59.5,18.33,18.09,13.48,11.8,6.03,4.87,5.6,5.55,9.46,15.21
Belize,1.15,2.2,2.62,3.07,3.65,4.24,2.32,6.39,-1.1,0.92,1.7,1.3,0.51,1.2,-0.85,0.66,1.15,0.24,0.19,0.12,3.26,6.18
Bolivia,1.6,0.93,3.34,4.44,5.4,2.33,8.71,14.01,3.34,2.5,9.88,4.51,5.74,5.76,4.06,3.63,2.82,2.27,1.84,0.94,0.74,1.75
Brazil,6.84,8.45,14.71,6.6,6.87,4.18,3.64,5.68,4.89,5.04,6.64,5.4,6.2,6.33,9.03,8.74,3.45,3.66,3.73,3.21,8.3,9.3
Barbados,2.8,0.17,1.58,1.43,6.07,7.31,4.03,8.11,3.64,5.82,9.43,4.53,1.81,1.77,-1.11,1.28,4.41,3.69,4.1,2.88,3.06,9.9
Brunei Darussalam,0.6,-2.29,0.3,0.9,1.09,0.15,0.97,2.09,1.04,0.22,0.14,0.11,0.39,-0.21,-0.42,-0.74,-0.17,0.15,-0.42,1.94,1.74,3.81
Bhutan,3.72,2.94,2.47,3.35,4.77,5.15,5.08,6.78,6.26,5.73,7.28,9.27,11.32,8.27,4.55,4.31,5.53,2.72,2.6,5.63,7.33,12.62
Botswana,6.5,8.04,9.18,6.94,8.68,11.55,7.06,12.64,8.13,6.92,8.46,7.55,5.87,4.41,3.07,2.78,3.3,3.22,2.85,1.89,7.24,11.59
Central African Republic,3.84,2.3,4.35,-2.24,2.88,6.69,0.94,9.26,3.52,1.49,1.2,5.87,6.55,11.6,4.5,4.01,4.46,1.61,2.68,2.3,4.26,6.53
Cayman Islands,1.13,2.49,0.55,4.47,7.29,0.75,2.92,4.08,-1.47,0.27,1.31,1.2,2.17,1.25,-2.38,-0.59,2,3.3,5.7,1,0.76,8.2
Canada,2.53,2.26,2.76,1.86,2.21,2,2.14,2.37,0.3,1.78,2.91,1.52,0.94,1.91,1.13,1.43,1.6,2.27,1.95,0.72,3.4,6.8
Switzerland,0.99,0.64,0.64,0.8,1.17,1.06,0.73,2.43,-0.48,0.69,0.23,-0.69,-0.22,-0.01,-1.14,-0.43,0.53,0.94,0.36,-0.73,0.58,2.8
Chile,3.57,2.49,2.81,1.05,3.05,3.39,4.41,8.72,0.35,1.41,3.34,3.01,1.93,4.39,4.35,3.79,2.18,2.44,2.25,3.05,4.52,11.6
China,0.72,-0.73,1.13,3.82,1.78,1.65,4.82,5.93,-0.73,3.18,5.55,2.62,2.62,1.92,1.44,2,1.56,2.07,2.9,2.42,0.9,1.97
Cte d'Ivoire,4.33,3.09,3.32,1.44,3.88,2.47,1.9,6.31,0.82,1.44,4.91,1.3,2.58,0.47,1.25,0.71,0.69,0.43,0.81,2.43,4.09,5.28
Cameroon,4.45,2.82,0.63,0.25,1.99,4.91,1.13,5.34,3.04,1.28,2.94,2.38,2.06,1.84,2.69,0.87,0.64,1.07,2.45,2.44,2.27,5.11
"Congo, Dem. Rep.",357.28,25.32,12.82,4,21.55,12.85,16.67,17.97,46.1,23.46,14.95,0.86,0.88,1.24,0.96,18.2,35.79,29.27,4.7,11.5,8.99,8.44
"Congo, Rep.",0.84,2.98,1.69,3.67,2.47,3.71,2.6,6.02,4.34,0.39,1.76,5.01,4.63,0.91,3.17,3.19,0.45,1.15,2.21,2.49,1.97,3.5
Colombia,7.97,6.35,7.13,5.9,5.05,4.29,5.55,7,4.2,2.27,3.42,3.17,2.02,2.9,4.99,7.51,4.31,3.24,3.52,2.52,3.5,10.2
Comoros,5.57,3.58,3.71,4.5,3.01,3.39,4.49,4.82,4.79,3.9,2.23,5.91,1.57,1.35,2,1.8,0.09,1.75,3.7,3,-0.18,11.44
Cabo Verde,3.67,1.92,1.19,-1.89,0.43,4.84,4.39,6.79,0.99,2.08,4.47,2.54,1.51,-0.24,0.13,-1.41,0.78,1.25,1.11,0.61,1.86,6.5
Costa Rica,11.26,9.17,9.45,12.31,13.8,11.47,9.36,13.42,7.84,5.66,4.88,4.5,5.23,4.52,0.8,-0.02,1.63,2.22,2.1,0.72,1.73,8.28
Curacao,1,0.55,1.64,2.16,3.06,2.35,2.3,4.59,0.75,3.15,4.59,4.04,2.48,1.94,0.32,0.08,1.58,2.58,2.62,,,
Cyprus,1.97,2.8,4.14,2.28,2.56,2.5,2.38,4.68,0.34,2.43,3.29,2.38,-0.4,-1.36,-2.1,-1.43,0.68,1.43,0.56,-0.64,0.49,8.4
Czech Republic,4.66,1.9,0.12,2.76,1.86,2.53,2.85,6.36,1.02,1.47,1.92,3.29,1.44,0.34,0.31,0.68,2.45,2.15,2.86,3.16,3.84,15.1
Germany,1.98,1.42,1.03,1.67,1.55,1.58,2.3,2.63,0.31,1.1,2.08,2.01,1.5,0.91,0.51,0.49,1.71,1.73,1.35,0.51,3.14,7.9
Djibouti,1.76,0.63,1.97,3.12,3.11,3.47,4.97,11.96,1.67,3.95,5.07,3.74,2.4,2.94,2.1,2.7,0.57,0.15,3.32,2.88,1.18,6.59
Dominica,1.56,0.17,1.45,2.39,1.68,2.59,3.24,6.36,0.01,2.81,1.06,1.36,-0.05,0.81,-0.79,0.03,0.3,0.99,1.61,-0.3,1.57,5.28
Denmark,2.34,2.42,2.08,1.15,1.82,1.92,1.69,3.42,1.3,2.31,2.76,2.4,0.79,0.56,0.45,0.25,1.06,0.81,0.73,0.42,1.85,7.7
Dominican Republic,8.9,5.24,27.46,51.3,4.15,7.56,6.17,10.67,1.48,6.34,8.45,3.68,4.82,3.01,0.85,1.63,3.28,3.56,1.81,3.78,8.24,8.81
Algeria,4.2,1.43,4.26,3.97,1.38,2.31,3.93,4.38,9.36,4.21,5.74,9.7,4.1,3.88,4.39,5.8,5.59,3.51,1.95,2.42,7.23,9.96
Ecuador,37.44,12.42,7.91,2.75,2.2,3.32,2.29,8.4,5.16,3.55,4.47,5.1,2.72,3.59,3.97,1.73,0.42,-0.22,0.27,-0.34,0.13,3.47
"Egypt, Arab Rep.",2.27,2.74,4.47,11.28,4.85,7.61,9.48,18.32,11.88,11.06,10.08,7.12,9.47,10.06,10.35,13.81,23.54,14.4,13.88,5.7,5.21,13.89
Eritrea,14.63,16.88,22.67,25.11,12.51,15.06,9.31,19.92,33.04,11.23,3.9,6.02,6.45,10.04,9,9,-13.31,-14.4,-16.36,4.91,6.64,7.35
Spain,3.59,3.07,3.04,3.04,3.37,3.52,2.79,4.08,-0.29,1.8,3.2,2.45,1.41,-0.15,-0.5,-0.2,1.96,1.68,0.7,-0.32,3.09,8.4
Estonia,5.75,3.57,1.33,3.05,4.08,4.44,6.6,10.36,-0.08,2.97,4.98,3.93,2.78,-0.11,-0.49,0.15,3.65,3.44,2.27,-0.44,4.65,19.4
Ethiopia,-8.24,1.65,17.76,3.22,11.66,13.56,17.25,44.37,8.48,8.13,33.23,24.13,8.15,7.41,10.08,7.28,10.69,13.84,15.81,20.35,26.84,33.89
Finland,2.58,1.57,0.88,0.19,0.62,1.57,2.51,4.07,0,1.18,3.42,2.81,1.48,1.04,-0.21,0.36,0.84,1.08,1.14,0.29,2.19,7.1
Fiji,4.26,0.72,4.22,2.83,2.3,2.53,4.81,7.73,3.65,3.69,7.28,3.42,2.91,0.53,1.38,3.87,3.35,4.08,1.77,-2.6,0.16,4.52
France,1.63,1.92,2.1,2.14,1.75,1.68,1.49,2.81,0.09,1.53,2.11,1.95,0.86,0.51,0.04,0.18,1.16,1.85,1.3,0.48,1.64,5.2
"Micronesia, Fed. Sts.",1.32,-0.16,-0.24,1.75,4.08,4.4,3.64,6.55,7.71,3.7,4.06,6.28,2.15,0.68,-0.16,-1.04,0.1,1.5,1.86,0.48,2.09,5.79
Gabon,2.14,0.16,2.11,0.41,1.17,-1.41,-1.02,5.26,1.88,1.45,1.26,2.68,0.48,4.51,-0.14,2.09,2.65,4.78,2.02,1.37,1.08,4.23
United Kingdom,1.63,1.47,1.32,1.43,2.06,2.52,2.33,3.48,1.97,2.5,3.88,2.56,2.29,1.43,0.4,1,2.68,2.32,1.79,0.99,2.5,7.9
Georgia,4.67,5.59,4.84,5.6,8.24,9.22,9.23,10,1.72,7.11,8.52,-0.91,-0.51,3.07,4.03,2.12,6.04,2.62,4.85,5.2,9.57,11.9
Ghana,32.93,14.85,26.63,12.67,15.1,11.68,10.73,16.5,13.14,6.7,7.68,7.07,11.67,15.49,17.15,17.44,12.37,9.84,7.18,9.95,9.97,31.92
Guinea,5.38,2.96,11.04,17.46,31.36,34.7,22.86,18.37,4.68,15.47,21.35,15.23,11.89,9.71,8.15,8.17,8.91,9.83,9.47,10.6,12.6,12.72
"Gambia, The",4.49,8.61,17.03,14.29,4.96,2.06,5.37,4.45,4.55,5.05,4.8,4.64,5.24,6.26,6.81,7.22,8.05,6.52,7.12,5.93,7.37,11.31
Guinea-Bissau,3.25,3.3,-3.47,0.82,3.36,1.95,4.63,10.44,-1.64,1.07,5.05,2.06,0.78,-1.03,1.48,1.5,1.06,1.44,0.25,1.46,3.27,5.52
Equatorial Guinea,8.74,7.58,7.32,4.24,5.64,4.47,2.8,4.65,5.74,5.32,4.8,3.44,3.18,4.3,1.7,1.4,0.75,1.08,1.21,4.77,-0.09,5.14
Greece,3.37,3.63,3.53,2.9,3.55,3.2,2.89,4.15,1.21,4.71,3.33,1.5,-0.92,-1.31,-1.74,-0.83,1.14,0.63,0.52,-1.25,1.22,9.6
Grenada,1.67,1.07,2.15,2.31,3.48,4.25,3.86,8.03,-0.31,3.44,3.03,2.41,-0.04,-0.98,-0.58,1.72,0.91,0.81,0.6,-0.74,1.22,1.22
Guatemala,7.28,8.13,5.6,7.57,9.1,6.56,6.83,11.36,1.87,3.86,6.21,3.78,4.34,3.42,2.39,4.45,4.43,3.75,3.7,3.21,4.26,6.89
Guyana,2.65,5.36,5.98,4.67,6.93,6.68,12.2,8.1,2.95,4.3,4.41,2.39,1.91,0.68,-0.87,0.83,1.94,1.27,2.09,0.72,3.32,7.59
"Hong Kong SAR, China",-1.61,-3.05,-2.6,-0.35,0.92,2.01,2.03,4.3,0.58,2.31,5.28,4.06,4.32,4.44,3,2.42,1.48,2.41,2.87,0.33,1.57,1.88
Honduras,9.63,7.71,7.66,8.11,8.8,5.58,6.95,11.39,5.5,4.71,6.76,5.2,5.15,6.13,3.16,2.72,3.93,4.34,4.36,3.47,4.48,9.09
Croatia,3.78,1.67,1.77,2.05,3.32,3.18,2.9,6.08,2.37,1.03,2.26,3.41,2.22,-0.21,-0.46,-1.12,1.13,1.5,0.77,0.28,2.55,10.78
Haiti,16.49,9.35,26.73,28.32,16.76,14.21,8.96,14.38,3.43,4.14,7.39,6.78,6.78,3.94,7.52,13.38,14.74,12.89,17.31,22.8,15.94,26.82
Hungary,9.12,5.27,4.66,6.74,3.56,3.93,7.96,6.04,4.21,4.86,3.93,5.65,1.73,-0.23,-0.06,0.39,2.41,2.85,3.37,3.33,5.11,14.6
Indonesia,11.5,11.9,6.76,6.06,10.45,13.11,6.41,10.23,4.39,5.13,5.36,4.28,6.41,6.39,6.36,3.53,3.81,3.2,2.82,1.92,1.56,4.21
India,3.78,4.3,3.81,3.77,4.25,5.8,6.37,8.35,10.88,11.99,8.86,9.31,10.91,6.35,5.87,4.94,3.6,4.86,4.76,6.62,4.89,6.69
Ireland,4.87,4.61,3.49,2.2,2.43,3.93,4.9,4.06,-4.48,-0.92,2.56,1.7,0.51,0.18,-0.29,0.01,0.25,0.49,0.88,-0.33,2.36,7.8
"Iran, Islamic Rep.",11.54,15.83,15.57,15.32,10.25,12,18.41,25.3,10.82,12.3,21.53,30.57,36.58,16.61,12.47,7.26,9.64,17.95,41.02,36.5,43.39,42.44
Iraq,16.4,19.3,33.6,27,36.96,53.25,30.82,2.67,-2.19,2.44,5.6,6.09,1.88,2.24,1.39,0.52,0.1,0.63,-0.2,0.57,6.04,5.14
Iceland,6.41,5.2,2.06,3.16,3.99,6.69,5.05,12.69,12,5.4,4,5.19,3.87,2.04,1.63,1.7,1.76,2.68,3.01,2.85,4.44,8.3
Israel,1.15,5.74,0.72,-0.41,1.31,2.12,0.47,4.59,3.33,2.71,3.47,1.68,1.57,0.49,-0.63,-0.54,0.24,0.81,0.84,-0.59,1.49,4.4
Italy,2.79,2.47,2.67,2.21,1.99,2.09,1.83,3.35,0.77,1.53,2.78,3.04,1.22,0.24,0.04,-0.09,1.33,1.14,0.63,-0.14,1.87,8.2
Jamaica,6.84,7.06,10.13,13.53,15.1,8.52,9.29,22.01,9.58,12.59,7.53,6.88,9.35,8.3,3.68,2.35,4.38,3.73,3.91,5.23,5.86,10.35
Jordan,1.78,1.84,2.35,2.63,3.45,6.23,4.71,13.97,-0.73,4.86,4.18,4.52,4.83,2.91,-0.87,-0.78,3.32,4.46,0.68,0.33,1.35,4.23
Japan,-0.74,-0.92,-0.26,-0.01,-0.28,0.25,0.06,1.38,-1.35,-0.72,-0.27,-0.05,0.35,2.76,0.79,-0.12,0.47,0.98,0.48,-0.02,-0.23,2.5
Kazakhstan,8.55,6.04,6.44,6.89,7.46,8.61,10.78,17.17,7.31,7.08,8.36,5.17,5.8,6.6,6.72,14.59,7.43,6.02,5.24,6.75,8,14.99
Kenya,5.78,1.99,9.82,11.81,9.91,6.03,4.25,15.1,10.52,4.08,14.03,9.37,5.73,6.88,6.59,6.33,7.99,4.69,5.2,5.4,6.11,7.66
Kyrgyz Republic,6.92,2.13,2.97,4.1,4.37,5.52,10.3,24.5,6.79,7.97,16.64,2.78,6.62,7.53,6.48,0.39,3.18,1.54,1.14,6.33,11.91,13.92
Cambodia,-0.12,-0.04,1.03,3.92,6.35,6.14,7.67,25,-0.66,4,5.26,3.15,2.94,3.86,1.22,3.02,2.91,2.39,2.01,2.94,2.92,6.07
Kiribati,6,3.18,1.63,-0.74,-0.35,-1,3.59,13.66,9.82,-3.9,1.5,-3.05,-1.49,2.1,0.57,1.92,0.36,0.59,-1.88,2.48,3,5.6
St. Kitts and Nevis,2.14,2.08,2.27,2.25,3.37,8.49,4.48,5.3,2.06,0.85,5.84,0.82,1.11,0.25,-2.3,-0.34,0,-0.23,-0.18,-0.59,0.2,3.78
"Korea, Rep.",4.07,2.76,3.51,3.59,2.75,2.24,2.53,4.67,2.76,2.94,4.03,2.19,1.3,1.27,0.71,0.97,1.94,1.48,0.38,0.54,2.5,5.09
Kuwait,1.45,0.8,0.99,1.26,4.12,3.09,5.47,6.3,4.61,4.5,4.91,3.2,2.7,2.88,3.27,2.96,1.51,0.57,1.1,1,3.42,3.98
Lao PDR,7.74,10.61,15.5,10.49,7.17,6.56,4.66,7.62,0.15,5.98,7.57,4.25,6.36,4.12,1.28,1.6,0.66,2.03,3.32,5.13,3.76,22.96
Lebanon,-0.37,1.76,1.27,1.67,-0.72,5.57,4.06,10.76,1.22,3.97,4.99,6.55,5.57,1.12,-3.75,-0.82,4.48,6.07,2.89,84.86,154.76,171.2
Liberia,12.15,14.16,10.33,3.56,6.95,9.51,11.39,17.49,7.43,7.29,8.49,6.83,7.58,9.86,7.74,8.84,12.44,23.56,26.97,11.89,7.82,6.91
Libya,-8.84,-9.86,-2.06,1.25,2.66,1.47,6.21,10.4,2.45,2.46,15.9,6.07,2.59,2.43,9.84,25.88,28.47,-1.2,4.56,22.26,2.77,5.52
St. Lucia,5.27,-0.26,1.03,1.46,3.91,3.56,2.82,5.55,-0.16,3.25,2.77,4.18,1.47,3.52,-0.99,-3.09,0.11,1.99,0.54,0.34,2.38,6.4
Sri Lanka,14.16,9.55,8.97,9.01,10.98,10.02,15.84,9.64,3.43,6.25,6.72,7.54,6.9,2.84,3.75,3.97,6.58,2.14,4.3,6.15,7.01,50.43
Lesotho,7.97,12.21,6.34,4.64,3.64,6.34,9.18,10.69,5.83,3.31,6.01,5.47,5,4.57,4.3,6.21,4.46,4.01,5.19,4.98,6.05,8.31
Lithuania,1.37,0.28,-1.13,1.16,2.66,3.74,5.74,10.93,4.45,1.32,4.13,3.09,1.05,0.1,-0.88,0.91,3.72,2.7,2.24,1.2,4.68,19.7
Luxembourg,2.66,2.07,2.05,2.23,2.49,2.67,2.31,3.4,0.37,2.27,3.41,2.66,1.73,0.63,0.47,0.29,2.11,1.53,1.65,0.82,2.53,6.3
Latvia,2.49,1.94,2.94,6.19,6.75,6.54,10.09,15.4,3.53,-1.08,4.37,2.26,-0.03,0.62,0.17,0.14,2.89,2.53,2.75,0.22,3.28,17.3
"Macao SAR, China",-1.98,-2.64,-1.56,0.98,4.4,5.16,5.57,8.61,1.17,2.81,5.8,6.1,5.5,6.05,4.56,2.37,1.23,3,2.75,0.81,0.03,1.05
Morocco,0.61,2.78,1.16,1.49,0.98,3.29,2.04,3.89,0.97,1,0.9,1.29,1.9,0.42,1.57,1.65,0.75,1.79,0.24,0.71,1.4,6.66
Moldova,9.64,5.22,11.67,12.43,11.85,12.71,12.38,12.7,0.01,7.36,7.65,4.56,4.57,5.06,9.63,6.38,6.58,3.05,4.85,3.77,5.11,28.74
Madagascar,7.92,16.5,-1.7,13.96,18.36,10.77,10.29,9.3,8.95,9.25,9.48,5.71,5.83,6.08,7.4,6.66,8.28,7.29,5.62,4.2,5.82,9.8
Maldives,0.67,0.93,-2.8,6.34,2.46,3.5,6.8,12.03,4.55,6.16,11.26,10.89,3.8,2.12,1.89,0.8,2.27,1.37,1.31,-1.37,0.54,2.18
Mexico,6.37,5.03,4.55,4.69,3.99,3.63,3.97,5.12,5.3,4.16,3.41,4.11,3.81,4.02,2.72,2.82,6.04,4.9,3.63,3.4,5.69,7.9
Marshall Islands,,,,2.02,3.49,5.25,2.64,14.68,0.48,1.77,5.35,4.34,1.85,1.1,-2.24,-1.51,0.03,0.76,1.2,0.61,2.61,6.4
"Macedonia, FYR",5.21,1.07,0.87,-0.45,0.53,3.2,2.26,8.32,-0.74,1.5,3.89,3.31,2.79,-0.27,-0.29,-0.23,1.35,1.46,0.77,1.2,3.23,14.2
Mali,5.17,4.87,-1.16,-3.11,6.41,1.52,1.46,9.12,2.22,1.29,3.05,5.32,-0.6,0.89,1.44,-1.8,1.76,1.73,-2.89,0.44,3.93,9.99
Malta,2.51,2.61,1.93,2.79,3,2.77,1.25,4.26,2.09,1.52,2.72,2.42,1.38,0.31,1.1,0.64,1.26,1.16,1.52,0.64,1.5,6.15
Myanmar,34.5,58.1,24.95,3.76,10.74,26.33,30.93,11.54,2.25,8.22,2.77,2.83,5.72,5.11,10.04,6.76,4.62,6,8.63,6.11,5.03,16.75
Montenegro,23.73,19.7,7.5,3.1,3.45,2.12,3.37,9,3.55,0.38,3.44,4.15,2.21,-0.7,1.56,-0.27,2.37,2.6,0.37,-0.26,2.41,13.05
Mongolia,6.35,1.05,5.05,8.23,12.65,4.41,8.19,26.74,6.4,10.34,7.74,14.29,9.96,12.8,6.56,0.72,4.62,6.83,7.26,3.69,7.1,15.15
Mozambique,9.06,16.77,13.45,12.63,6.43,13.24,8.16,14.5,3.75,12.47,11.15,2.6,4.27,2.56,3.55,17.45,15.11,3.92,2.79,3.63,5.69,10.28
Mauritania,4.72,3.9,5.15,10.37,12.13,6.24,7.25,7.45,2.14,6.26,5.69,4.9,4.13,3.77,0.49,1.47,2.27,3.07,2.31,2.39,3.77,7.1
Mauritius,5.4,6.45,3.88,4.7,4.94,8.93,8.86,9.67,2.56,2.97,6.53,3.83,3.54,3.19,1.32,0.95,3.68,3.21,0.45,2.58,4.03,10.77
Malawi,7.64,7.71,7.83,7.98,8.16,8.34,8.52,8.72,8.42,7.41,7.62,21.3,28.28,23.77,21.86,21.73,11.54,9.22,9.38,8.63,9.34,18.45
Malaysia,1.43,1.79,1.07,1.42,3.04,3.62,2.03,5.43,0.6,1.72,3.17,1.66,2.11,3.14,2.1,2.08,3.8,0.97,0.66,-1.14,2.48,3.38
Namibia,10.21,12.72,7.21,4.14,2.27,4.96,6.57,9.08,9.43,4.9,5.01,6.7,5.63,5.34,3.41,6.68,6.15,4.28,3.72,2.21,3.62,6.08
Niger,3.9,2.67,-1.89,0.57,7.82,0.05,0.06,11.29,4.3,-2.79,2.94,0.47,2.29,-0.94,1.01,0.18,0.2,3.01,-2.52,2.76,3.84,4.23
Nigeria,18.84,12.89,14.01,15.06,17.82,8.28,5.42,11.57,12.57,13.74,10.81,12.2,8.48,8.04,9.01,15.69,16.5,12.1,11.4,13.25,16.95,18.85
Nicaragua,7.36,3.75,5.3,8.47,9.6,9.14,11.13,19.83,3.69,5.45,8.08,7.19,7.14,6.04,3.99,3.52,3.85,4.94,5.38,3.68,4.93,10.47
Netherlands,4.16,3.29,2.09,1.26,1.69,1.1,1.61,2.49,1.19,1.28,2.34,2.46,2.51,0.98,0.6,0.32,1.3,1.7,2.67,1.27,2.68,10
Norway,3,1.29,2.49,0.45,1.53,2.33,0.71,3.75,2.2,2.42,1.28,0.7,2.12,2.04,2.17,3.55,1.88,2.76,2.17,1.29,3.48,5.8
Nepal,2.43,2.9,4.74,3.96,4.54,7.96,6.2,6.68,12.62,9.56,9.57,8.31,9.87,9.04,7.21,9.93,4.45,4.15,4.64,5.05,3.6,6.26
Nauru,,,,,8.66,19.3,5.6,1.03,22.42,-1.97,-3.37,0.26,-1.11,0.28,9.78,8.15,5.08,0.46,4.3,0.89,1.2,2
New Zealand,2.63,2.68,1.75,2.29,3.04,3.37,2.38,3.96,2.12,2.3,4.03,1.06,1.13,1.23,0.29,0.65,1.85,1.6,1.62,1.71,3.94,6.28
Oman,-0.84,-0.28,0.22,0.61,1.94,3.51,5.81,12.41,3.47,3.26,4.04,2.94,1.05,1.03,0.07,1.11,1.6,0.88,0.13,-0.9,1.55,2.81
Pakistan,3.58,3.7,2.87,7.44,9.06,7.92,7.6,19.75,12.16,12.93,11.92,9.68,7.69,7.2,2.55,3.75,4.15,5.07,6.74,9.74,9.5,19.87
Panama,0.33,1.22,1.43,0.18,2.87,2.43,4.18,8.72,2.42,3.53,5.84,5.69,4.05,2.63,0.13,0.76,0.88,0.77,-0.35,-1.55,1.63,2.86
Peru,1.98,0.2,2.26,3.66,1.61,2,1.78,5.79,2.93,1.53,3.37,3.66,2.81,3.25,3.55,3.59,2.8,1.32,2.14,1.83,4.27,7.88
Philippines,6.78,3,3.48,5.98,7.69,6.52,2.96,8.17,4.21,3.79,4.72,3.17,2.95,4.17,1.4,1.81,2.85,5.26,2.48,2.64,3.93,5.82
Palau,-0.71,0.09,0.5,0.95,4.08,4.08,3.29,11.9,1.42,1.45,4.69,3.59,3.41,4.15,0.95,-1.03,0.9,1.57,0.61,0.22,0.45,12.2
Papua New Guinea,9.3,11.8,14.71,2.16,1.78,2.37,0.91,10.77,6.91,5.1,4.44,4.54,4.96,5.22,6,6.69,5.43,4.73,3.68,3.37,4.49,6.6
Poland,5.41,1.91,0.68,3.38,2.18,1.28,2.46,4.16,3.8,2.58,4.24,3.56,0.99,0.05,-0.87,-0.66,1.98,1.81,2.31,3.37,5.1,14.3
Puerto Rico,0.58,0.19,1.39,2.54,5.61,5.18,4.23,5.21,0.28,2.47,2.9,1.35,1.06,0.57,-0.75,-0.29,1.75,1.27,0.1,-1.3,2.41,4.39
Portugal,4.37,3.6,3.22,2.37,2.28,3.11,2.45,2.59,-0.84,1.4,3.65,2.77,0.27,-0.28,0.49,0.61,1.56,0.99,0.3,-0.01,1.27,7.8
Paraguay,7.26,10.49,14.22,4.29,6.86,9.52,8.19,10.17,2.59,4.67,8.24,3.68,2.67,5,3.13,4.08,3.6,3.96,2.76,1.77,4.79,9.77
West Bank and Gaza,1.22,5.71,4.4,3,4.11,3.84,1.86,9.89,2.75,3.75,2.88,2.78,1.72,1.73,1.43,-0.22,0.21,-0.2,1.58,-0.74,1.24,
Qatar,1.59,0.17,2.25,6.77,8.88,11.79,13.67,15.12,-4.88,-2.43,1.91,1.86,3.1,3.32,1.86,2.68,0.4,0.22,-0.55,-2.54,2.3,5
Romania,34.43,22.51,15.38,11.86,9,6.6,4.84,7.85,5.58,6.12,5.79,3.34,3.99,1.07,-0.6,-1.55,1.34,4.64,3.83,2.63,5.05,13.8
Russian Federation,21.48,15.79,13.66,10.89,12.69,9.67,9.01,14.11,11.65,6.85,8.44,5.07,6.75,7.82,15.53,7.04,3.68,2.88,4.47,3.38,6.69,13.75
Rwanda,3.36,1.98,7.45,11.98,9.12,8.83,9.08,15.44,10.35,2.31,5.67,6.29,4.22,1.78,2.51,5.72,4.84,1.36,2.43,9.85,-0.39,17.7
Saudi Arabia,-1.12,0.25,0.61,0.52,0.48,2.21,4.17,9.87,5.06,5.34,5.83,2.87,3.51,2.24,1.22,2.05,-0.85,2.47,-2.09,3.45,3.06,2.5
Sudan,1.93,22.23,6.49,9.66,8.51,7.2,14.75,14.3,11.26,12.98,18.1,35.56,36.52,36.91,16.91,17.75,32.35,63.29,50.99,17087.72,359.09,138.81
Senegal,3.05,2.4,-0.05,0.51,1.71,2.11,5.86,6.34,-2.25,1.23,3.4,1.42,0.71,-1.08,0.13,0.84,1.32,0.46,1.02,2.55,2.18,9.69
Singapore,1.01,-0.39,0.49,1.67,0.47,0.96,2.11,6.62,0.59,2.82,5.24,4.58,2.36,1.03,-0.52,-0.54,0.58,0.45,0.56,-0.18,2.3,6.02
Solomon Islands,7.63,9.37,10.08,6.92,7.53,11.22,7.66,17.32,7.11,0.95,7.44,5.91,5.39,5.17,-0.56,0.5,0.48,2.66,1.83,2.96,-0.11,3.74
Sierra Leone,2.57,0.12,3.99,12.92,13.7,10.53,16.97,8.2,7.47,7.89,6.1,6.59,5.52,4.64,6.69,10.88,18.22,16.03,14.8,13.45,11.87,25.91
El Salvador,3.74,1.87,2.12,4.45,4.69,4.03,4.59,7.26,0.54,1.18,5.12,1.73,0.76,1.14,-0.73,0.61,1.01,1.09,0.07,-0.37,3.47,7.2
San Marino,,,1.34,1.43,1.69,2.1,2.54,4.1,2.42,2.6,2,2.83,1.6,1.11,0.15,0.57,1,1.73,0.95,0.22,0.76,2.08
Serbia,80.74,8.87,2.9,10.6,16.25,10.73,6,12.39,8.13,6.14,11.14,7.33,7.7,2.1,1.39,1.12,3.13,1.95,1.85,1.58,4.09,11.98
South Sudan,,,,,,,,,,,,45.08,-0.04,1.66,52.81,379.85,187.87,83.49,51.19,29.68,30.23,17.6
So Tom and Principe,9.22,10.13,9.79,13.28,17.15,23.08,18.55,31.99,16.96,13.34,14.32,10.64,8.11,6.99,5.26,5.43,5.69,7.87,8.36,7.87,8.14,15.05
Suriname,34.37,15.52,23,9.13,13.98,11.28,6.43,14.67,-0.3,6.95,17.68,5.01,1.92,3.38,6.9,55.5,22.02,6.94,4.39,49.77,59.11,54.26
Slovak Republic,7.33,3.13,8.55,7.55,2.71,4.48,2.76,4.6,1.62,0.96,3.92,3.61,1.4,-0.08,-0.33,-0.52,1.39,2.51,2.77,1.94,3.15,12.8
Slovenia,8.38,7.48,5.54,3.59,2.45,2.46,3.66,5.65,0.84,1.8,1.8,2.6,1.77,0.2,-0.53,-0.05,1.43,1.74,1.63,-0.05,1.92,8.8
Sweden,2.41,2.16,1.93,0.37,0.45,1.36,2.21,3.44,-0.49,1.16,2.96,0.89,-0.04,-0.18,-0.05,0.98,1.87,1.95,1.64,0.5,2.16,8.4
Swaziland,5.94,12.02,7.29,3.44,4.9,5.2,8.08,12.66,7.45,4.51,6.11,8.94,5.62,5.68,4.95,7.85,6.22,4.81,2.58,4.11,3.72,4.87
Seychelles,6,0.2,3.3,3.9,0.65,-1.86,5.32,36.97,31.75,-2.4,2.56,7.11,4.34,1.39,4.04,-1.01,2.86,3.7,1.81,3.9,9.77,2.63
Syrian Arab Republic,3.4,-0.52,5.8,4.43,7.24,10.39,4.68,15.15,2.8,4.4,4.75,36.7,90,29,26,25,,,,,,
Chad,12.43,5.19,-1.75,-4.8,3.33,8.07,-7.44,8.31,10.12,-2.11,1.86,7.7,0.23,1.67,6.76,-1.12,-0.9,4.27,-0.97,2.8,-0.77,5.11
Togo,3.92,3.06,-0.93,0.39,6.78,2.23,0.95,8.69,3.71,1.45,3.56,2.58,1.83,0.19,1.78,0.86,-0.22,0.94,0.69,1.83,4.55,7.61
Thailand,1.38,0.7,1.8,2.77,4.55,4.65,2.24,5.44,-0.84,3.27,3.8,3.01,2.19,1.89,-0.9,0.19,0.67,1.07,0.71,-0.85,1.23,6.08
Tajikistan,38.55,12.23,16.26,7.13,7.09,9.99,13.14,20.51,7.44,6.9,12.47,5.83,5.04,6.03,5.47,6.04,7.31,3.83,7.79,8.59,8.92,7.67
Turkmenistan,11.63,8.75,5.59,5.89,10.71,8.16,6.26,14.54,-2.67,4.45,5.28,5.31,6.81,6.01,7.41,3.65,8.04,13.3,5.09,7.58,14.95,17.5
Tonga,8.29,10.36,11.64,10.97,8.67,6.15,5.84,10.45,1.43,3.54,6.27,1.15,2.11,1.17,-1.05,2.58,7.37,2.91,3.29,0.24,1.41,8.52
Trinidad and Tobago,5.6,4.12,3.78,3.76,6.84,8.31,7.86,12.07,7.06,10.53,5.08,9.29,5.15,5.69,4.66,3.09,1.88,1.03,1,0.6,2.06,5.03
Tunisia,1.94,2.76,2.75,3.61,2.02,4.11,3.42,4.92,3.59,4.29,3.22,4.62,5.32,4.63,4.45,3.61,5.31,7.27,6.72,5.63,5.71,8.31
Turkey,54.4,44.96,21.6,8.6,8.18,9.6,8.76,10.44,6.25,8.57,6.47,8.89,7.49,8.85,7.67,7.78,11.14,16.33,15.18,12.28,19.6,72.31
Tuvalu,1.53,5.05,2.91,2.37,3.22,4.19,2.29,10.44,-0.28,-1.85,0.5,1.42,2.01,1.07,3.14,3.51,4.12,2.14,2.18,1.57,2.94,5.71
Tanzania,5.15,4.55,4.43,4.14,4.36,7.25,7.03,10.28,12.14,7.19,12.69,15.97,7.84,6.13,5.61,5.18,5.32,3.51,3.45,3.29,3.69,4.35
Uganda,1.94,-0.3,8.72,3.67,8.61,7.22,6.09,12.03,13.01,4,18.66,14.03,5.47,4.3,3.69,5.17,5.63,2.62,2.87,3.79,2.21,7.2
Ukraine,11.91,0.72,5.22,9.03,13.53,9.09,12.89,25.2,15.86,9.33,7.95,0.59,-0.23,12.15,48.57,13.95,14.44,10.94,7.89,2.73,9.36,20.18
Uruguay,4.37,13.96,19.4,9.16,4.7,6.39,8.11,7.88,7.06,6.7,8.1,8.1,8.58,8.88,8.67,9.63,6.22,7.61,7.88,9.76,7.75,9.11
United States,2.83,1.59,2.27,2.68,3.39,3.23,2.85,3.84,-0.36,1.64,3.16,2.07,1.46,1.62,0.12,1.26,2.14,2.44,1.81,1.23,4.7,8
Uzbekistan,27.25,27.29,12.49,7.32,10.7,13.11,11.15,13.13,12.3,12.3,12.45,11.9,11.7,9.08,8.46,7.98,13.88,17.68,14.53,12.86,10.69,11.32
St. Vincent and the Grenadines,1.36,0.75,0.13,2.85,3.44,3.02,6.99,10.12,0.37,0.75,3.19,2.6,0.81,0.19,-1.73,-0.16,2.15,1.24,0.91,-0.61,1.56,5.83
"Venezuela, RB",12.53,22.43,31.09,21.75,15.95,13.65,18.7,30.37,27.07,28.17,26.08,21.06,40.59,62.14,121.4,254.39,438.12,65374.08,19906.02,2355.15,1588.51,220.84
Vietnam,-0.31,4.08,3.23,7.76,8.28,7.4,8.31,23.11,6.73,9.2,18.67,9.07,6.58,4.09,0.64,2.68,3.52,3.54,2.8,3.22,1.83,3.16
Vanuatu,3.58,1.96,3.02,1.42,1.2,2.04,3.93,4.84,4.3,2.76,0.87,1.35,1.46,0.8,2.48,0.84,3.09,2.31,2.75,2.92,2.34,4.58
Samoa,1.89,7.43,4.37,7.85,7.82,3.23,4.48,6.27,14.64,-0.2,2.88,6.19,-0.21,-1.24,1.92,0.13,1.3,4.2,2.19,-1.57,-3.01,8.75
"Yemen, Rep.",11.92,12.24,10.83,12.49,9.87,10.85,7.91,18.98,3.67,11.17,19.54,9.89,10.97,8.1,39.4,5,30.4,27.6,10,26.18,45.7,43.85
South Africa,5.7,9.49,5.68,-0.69,2.06,3.24,6.18,10.06,7.26,4.06,5.02,5.72,5.78,6.14,4.51,6.59,5.27,4.5,4.13,3.22,4.61,7
Zambia,21.24,22.3,21.31,17.96,18.3,9.06,10.64,12.44,13.38,8.5,6.44,6.59,6.99,7.82,10.11,17.86,6.58,7.49,9.8,15.73,22.02,10.99
Zimbabwe,-37.2,-34.44,-8.56,113.57,-31.52,32.97,-72.73,156.96,6.22,3.05,3.47,3.72,1.63,-0.21,-2.41,-1.57,0.91,10.61,255.29,557.21,98.55,284.94
British Virgin Islands,,,,,,,,,,,,,1.5,1.9,0.8,1.1,1.2,2.1,1.4,0.4,2.8,
Kosovo,,,-1.09,-1.06,-1.38,0.61,4.37,9.34,-2.4,3.48,7.34,2.47,1.77,0.43,-0.53,0.27,1.49,1.05,2.68,0.19,3.36,
Liechtenstein,,,,,,,,,,,,-0.7,-0.3,0,-1.11,-0.41,0.51,0.92,0.4,-0.7,0.51,2.83
Martinique,,,,,,,,,,,,,,,,,,,,,,
Montserratit,4.75,3.98,1.16,3.1,2.67,1.93,2.71,4.9,2.79,2.09,3.67,4.77,0.87,-0.38,-1.15,-0.25,1.19,1.31,-1.07,-1.89,1.67,
New Caledonia,2.32,1.81,1.11,0.84,1.23,2.95,0.98,2.95,0.93,2.7,2.43,1.75,1.28,0.18,0.57,0.58,1.38,1.33,0.25,-0.53,0.62,
Niue,,,,,,,,,,,,,,,,,,,,,,
Saint Helena,,,,,2.9,4.3,4.6,8,8,4.9,6.2,5.5,1.7,2.1,1.9,2.6,5.1,3.8,3.3,1.1,1.3,
Timor-Leste,,,7.17,3.24,1.11,3.94,10.3,9.06,0.67,6.77,13.5,11.8,10.99,0.85,0.65,-1.47,0.52,2.29,0.96,,,
Turks and Caicos Islands,,,,,3,3.5,3.7,3.9,4.1,3.2,5.2,3.1,2.5,2.3,2.2,2,2.1,2.1,2.2,2.3,,
